DISPOSITIF,SEXE,MARQUE,CHEVILLE MIN,CHEVILLE MAX,MOLLET MIN,MOLLET MAX,CUISSE MIN,CUISSE MAX,HANCHE MAX,TAILLE,HAUTEUR MIN,HAUTEUR MAX,HAUTEUR,DENOMINATION
BAS,FEMME,SIGVARIS,17,19,27,35,42,55,-,XS,0,75,NORMAL,SIGVARIS FEMME BAS TAILLE Normal XS
BAS,FEMME,SIGVARIS,17,19,27,35,42,55,-,XS,75,1000,LONG,SIGVARIS FEMME BAS TAILLE Long XS
BAS,FEMME,SIGVARIS,19,22,30,38,45,58,-,S,0,75,NORMAL,SIGVARIS FEMME BAS TAILLE Normal S
BAS,FEMME,SIGVARIS,19,22,30,38,45,58,-,S,75,1000,LONG,SIGVARIS FEMME BAS TAILLE Long S
BAS,FEMME,SIGVARIS,22,24,33,41,49,62,-,M,0,75,NORMAL,SIGVARIS FEMME BAS TAILLE Normal M
BAS,FEMME,SIGVARIS,22,24,33,41,49,62,-,M,75,1000,LONG,SIGVARIS FEMME BAS TAILLE Long M
BAS,FEMME,SIGVARIS,24,26,37,45,54,67,-,L,0,75,NORMAL,SIGVARIS FEMME BAS TAILLE Normal L
BAS,FEMME,SIGVARIS,24,26,37,45,54,67,-,L,75,1000,LONG,SIGVARIS FEMME BAS TAILLE Long L
BAS,FEMME,SIGVARIS,26,29,40,48,56,69,-,XL,0,75,NORMAL,SIGVARIS FEMME BAS TAILLE Normal XL
BAS,FEMME,SIGVARIS,26,29,40,48,56,69,-,XL,75,1000,LONG,SIGVARIS FEMME BAS TAILLE Long XL
BAS,FEMME,SIGVARIS,29,32,43,51,62,75,-,XXL,0,75,NORMAL,SIGVARIS FEMME BAS TAILLE Normal XXL
BAS,FEMME,SIGVARIS,29,32,43,51,62,75,-,XXL,75,1000,LONG,SIGVARIS FEMME BAS TAILLE Long XXL
BAS,FEMME,SIGVARIS,19,22,26,34,35,45,-,S,0,75,NORMAL,SIGVARIS FEMME BAS TAILLE Normal S Morpho -
BAS,FEMME,SIGVARIS,19,22,26,34,35,45,-,S,75,1000,LONG,SIGVARIS FEMME BAS TAILLE Long S Morpho -
BAS,FEMME,SIGVARIS,22,24,29,37,39,49,-,M,0,75,NORMAL,SIGVARIS FEMME BAS TAILLE Normal M Morpho -
BAS,FEMME,SIGVARIS,22,24,29,37,39,49,-,M,75,1000,LONG,SIGVARIS FEMME BAS TAILLE Long M Morpho -
BAS,FEMME,SIGVARIS,24,26,33,41,44,54,-,L,0,75,NORMAL,SIGVARIS FEMME BAS TAILLE Normal L Morpho -
BAS,FEMME,SIGVARIS,24,26,33,41,44,54,-,L,75,1000,LONG,SIGVARIS FEMME BAS TAILLE Long L Morpho -
BAS,FEMME,SIGVARIS,26,29,36,44,46,56,-,XL,0,75,NORMAL,SIGVARIS FEMME BAS TAILLE Normal XL Morpho -
BAS,FEMME,SIGVARIS,26,29,36,44,46,56,-,XL,75,1000,LONG,SIGVARIS FEMME BAS TAILLE Long XL Morpho -
BAS,FEMME,SIGVARIS,19,22,34,42,58,68,-,S,0,75,NORMAL,SIGVARIS FEMME BAS TAILLE Normal S Morpho +
BAS,FEMME,SIGVARIS,19,22,34,42,58,68,-,S,75,1000,LONG,SIGVARIS FEMME BAS TAILLE Long S Morpho +
BAS,FEMME,SIGVARIS,22,24,37,45,62,72,-,M,0,75,NORMAL,SIGVARIS FEMME BAS TAILLE Normal M Morpho +
BAS,FEMME,SIGVARIS,22,24,37,45,62,72,-,M,75,1000,LONG,SIGVARIS FEMME BAS TAILLE Long M Morpho +
BAS,FEMME,SIGVARIS,24,26,41,49,67,77,-,L,0,75,NORMAL,SIGVARIS FEMME BAS TAILLE Normal L Morpho +
BAS,FEMME,SIGVARIS,24,26,41,49,67,77,-,L,75,1000,LONG,SIGVARIS FEMME BAS TAILLE Long L Morpho +
BAS,FEMME,SIGVARIS,26,29,44,52,69,79,-,XL,0,75,NORMAL,SIGVARIS FEMME BAS TAILLE Normal XL Morpho +
BAS,FEMME,SIGVARIS,26,29,44,52,69,79,-,XL,75,1000,LONG,SIGVARIS FEMME BAS TAILLE Long XL Morpho +
BAS,FEMME,SIGVARIS,26,29,47,55,75,85,-,XXL,0,75,NORMAL,SIGVARIS FEMME BAS TAILLE Normal XXL Morpho +
BAS,FEMME,SIGVARIS,26,29,47,55,75,85,-,XXL,75,1000,LONG,SIGVARIS FEMME BAS TAILLE Long XXL  Morpho +
BAS,FEMME,DYNAVEN,17,19,29,35,44,58,-,XS,0,75,NORMAL,DYNAVEN FEMME BAS TAILLE Normal XS
BAS,FEMME,DYNAVEN,17,19,29,35,44,58,-,XS,75,1000,LONG,DYNAVEN FEMME BAS TAILLE Long XS
BAS,FEMME,DYNAVEN,19,22,32,38,47,61,-,S,0,75,NORMAL,DYNAVEN FEMME BAS TAILLE Normal S
BAS,FEMME,DYNAVEN,19,22,32,38,47,61,-,S,75,1000,LONG,DYNAVEN FEMME BAS TAILLE Long S
BAS,FEMME,DYNAVEN,22,24,35,41,50,64,-,M,0,75,NORMAL,DYNAVEN FEMME BAS TAILLE Normal M
BAS,FEMME,DYNAVEN,22,24,35,41,50,64,-,M,75,1000,LONG,DYNAVEN FEMME BAS TAILLE Long M
BAS,FEMME,DYNAVEN,24,26,38,44,53,68,-,L,0,75,NORMAL,DYNAVEN FEMME BAS TAILLE Normal L
BAS,FEMME,DYNAVEN,24,26,38,44,53,68,-,L,75,1000,LONG,DYNAVEN FEMME BAS TAILLE Long L
BAS,FEMME,DYNAVEN,26,29,41,47,55,70,-,XL,0,75,NORMAL,DYNAVEN FEMME BAS TAILLE Normal XL
BAS,FEMME,DYNAVEN,26,29,41,47,55,70,-,XL,75,1000,LONG,DYNAVEN FEMME BAS TAILLE Long XL
BAS,FEMME,DYNAVEN,29,32,44,50,57,74,-,XXL,0,75,NORMAL,DYNAVEN FEMME BAS TAILLE Normal XXL
BAS,FEMME,DYNAVEN,29,32,44,50,57,74,-,XXL,75,1000,LONG,DYNAVEN FEMME BAS TAILLE Long XXL
BAS,FEMME,DYNAVEN,17,19,23,29,34,44,-,XS,0,75,NORMAL,DYNAVEN FEMME BAS TAILLE Normal XS Morpho -
BAS,FEMME,DYNAVEN,17,19,23,29,34,44,-,XS,75,1000,LONG,DYNAVEN FEMME BAS TAILLE Long XS Morpho -
BAS,FEMME,DYNAVEN,19,22,24,32,37,47,-,S,0,75,NORMAL,DYNAVEN FEMME BAS TAILLE Normal S Morpho -
BAS,FEMME,DYNAVEN,19,22,24,32,37,47,-,S,75,1000,LONG,DYNAVEN FEMME BAS TAILLE Long S Morpho -
BAS,FEMME,DYNAVEN,22,24,27,35,40,50,-,M,0,75,NORMAL,DYNAVEN FEMME BAS TAILLE Normal M Morpho -
BAS,FEMME,DYNAVEN,22,24,27,35,40,50,-,M,75,1000,LONG,DYNAVEN FEMME BAS TAILLE Long M Morpho -
BAS,FEMME,DYNAVEN,24,26,30,38,43,53,-,L,0,75,NORMAL,DYNAVEN FEMME BAS TAILLE Normal L Morpho -
BAS,FEMME,DYNAVEN,24,26,30,38,43,53,-,L,75,1000,LONG,DYNAVEN FEMME BAS TAILLE Long L Morpho -
BAS,FEMME,DYNAVEN,26,29,33,41,45,55,-,XL,0,75,NORMAL,DYNAVEN FEMME BAS TAILLE Normal XL Morpho -
BAS,FEMME,DYNAVEN,26,29,33,41,45,55,-,XL,75,1000,LONG,DYNAVEN FEMME BAS TAILLE Long XL Morpho -
BAS,FEMME,DYNAVEN,19,22,38,46,61,69,-,S,0,75,NORMAL,DYNAVEN FEMME BAS TAILLE Normal S Morpho +
BAS,FEMME,DYNAVEN,19,22,38,46,61,69,-,S,75,1000,LONG,DYNAVEN FEMME BAS TAILLE Long S Morpho +
BAS,FEMME,DYNAVEN,22,24,41,49,64,72,-,M,0,75,NORMAL,DYNAVEN FEMME BAS TAILLE Normal M Morpho +
BAS,FEMME,DYNAVEN,22,24,41,49,64,72,-,M,75,1000,LONG,DYNAVEN FEMME BAS TAILLE Long M Morpho +
BAS,FEMME,DYNAVEN,24,26,44,52,68,76,-,L,0,75,NORMAL,DYNAVEN FEMME BAS TAILLE Normal L Morpho +
BAS,FEMME,DYNAVEN,24,26,44,52,68,76,-,L,75,1000,LONG,DYNAVEN FEMME BAS TAILLE Long L Morpho +
BAS,FEMME,DYNAVEN,26,29,47,55,70,78,-,XL,0,75,NORMAL,DYNAVEN FEMME BAS TAILLE Normal XL Morpho +
BAS,FEMME,DYNAVEN,26,29,47,55,70,78,-,XL,75,1000,LONG,DYNAVEN FEMME BAS TAILLE Long XL Morpho +
BAS,FEMME,ACTYS-LEGGER,16,18,27,33,43,53,-,T0,0,72,NORMAL,ACTYS-LEGGER FEMME BAS TAILLE Normal T0
BAS,FEMME,ACTYS-LEGGER,16,18,27,33,43,53,-,T0,72,1000,LONG,ACTYS-LEGGER FEMME BAS TAILLE Long T0
BAS,FEMME,ACTYS-LEGGER,18,"21,5",30,37,44,54,-,T1,0,72,NORMAL,ACTYS-LEGGER FEMME BAS TAILLE Normal T1
BAS,FEMME,ACTYS-LEGGER,18,"21,5",30,37,44,54,-,T1,72,1000,LONG,ACTYS-LEGGER FEMME BAS TAILLE Long T1
BAS,FEMME,ACTYS-LEGGER,"21,5","23,5",34,40,50,58,-,T2,0,72,NORMAL,ACTYS-LEGGER FEMME BAS TAILLE Normal T2
BAS,FEMME,ACTYS-LEGGER,"21,5","23,5",34,40,50,58,-,T2,72,1000,LONG,ACTYS-LEGGER FEMME BAS TAILLE Long T2
BAS,FEMME,ACTYS-LEGGER,"23,5","25,5",37,45,54,64,-,T3,0,72,NORMAL,ACTYS-LEGGER FEMME BAS TAILLE Normal T3
BAS,FEMME,ACTYS-LEGGER,"23,5","25,5",37,45,54,64,-,T3,72,1000,LONG,ACTYS-LEGGER FEMME BAS TAILLE Long T3
BAS,FEMME,ACTYS-LEGGER,"25,5",29,40,47,58,68,-,T4,0,72,NORMAL,ACTYS-LEGGER FEMME BAS TAILLE Normal T4
BAS,FEMME,ACTYS-LEGGER,"25,5",29,40,47,58,68,-,T4,72,1000,LONG,ACTYS-LEGGER FEMME BAS TAILLE Long T4
BAS,FEMME,ACTYS-LEGGER,18,"21,5",24,40,36,44,-,T1,0,72,NORMAL,ACTYS-LEGGER FEMME BAS TAILLE Normal T1 Morpho -
BAS,FEMME,ACTYS-LEGGER,18,"21,5",24,40,36,44,-,T1,72,1000,LONG,ACTYS-LEGGER FEMME BAS TAILLE Long T1 Morpho -
BAS,FEMME,ACTYS-LEGGER,"21,5","23,5",27,34,42,50,-,T2,0,72,NORMAL,ACTYS-LEGGER FEMME BAS TAILLE Normal T2 Morpho -
BAS,FEMME,ACTYS-LEGGER,"21,5","23,5",27,34,42,50,-,T2,72,1000,LONG,ACTYS-LEGGER FEMME BAS TAILLE Long T2 Morpho -
BAS,FEMME,ACTYS-LEGGER,"23,5","25,5",30,37,46,54,-,T3,0,72,NORMAL,ACTYS-LEGGER FEMME BAS TAILLE Normal T3 Morpho -
BAS,FEMME,ACTYS-LEGGER,"23,5","25,5",30,37,46,54,-,T3,72,1000,LONG,ACTYS-LEGGER FEMME BAS TAILLE Long T3 Morpho -
BAS,FEMME,ACTYS-LEGGER,"25,5",29,33,40,48,58,-,T4,0,72,NORMAL,ACTYS-LEGGER FEMME BAS TAILLE Normal T4 Morpho -
BAS,FEMME,ACTYS-LEGGER,"25,5",29,33,40,48,58,-,T4,72,1000,LONG,ACTYS-LEGGER FEMME BAS TAILLE Long T4 Morpho -
BAS,FEMME,ACTYS-LEGGER,18,"21,5",37,44,54,64,-,T1,0,72,NORMAL,ACTYS-LEGGER FEMME BAS TAILLE Normal T1 Morpho +
BAS,FEMME,ACTYS-LEGGER,18,"21,5",37,44,54,64,-,T1,72,1000,LONG,ACTYS-LEGGER FEMME BAS TAILLE Long T1 Morpho +
BAS,FEMME,ACTYS-LEGGER,"21,5","23,5",40,47,58,68,-,T2,0,72,NORMAL,ACTYS-LEGGER FEMME BAS TAILLE Normal T2 Morpho +
BAS,FEMME,ACTYS-LEGGER,"21,5","23,5",40,47,58,68,-,T2,72,1000,LONG,ACTYS-LEGGER FEMME BAS TAILLE Long T2 Morpho +
BAS,FEMME,ACTYS-LEGGER,"23,5","25,5",45,52,64,74,-,T3,0,72,NORMAL,ACTYS-LEGGER FEMME BAS TAILLE Normal T3 Morpho +
BAS,FEMME,ACTYS-LEGGER,"23,5","25,5",45,52,64,74,-,T3,72,1000,LONG,ACTYS-LEGGER FEMME BAS TAILLE Long T3 Morpho +
BAS,FEMME,ACTYS-LEGGER,"25,5",29,47,54,68,78,-,T4,0,72,NORMAL,ACTYS-LEGGER FEMME BAS TAILLE Normal T4 Morpho +
BAS,FEMME,ACTYS-LEGGER,"25,5",29,47,54,68,78,-,T4,72,1000,LONG,ACTYS-LEGGER FEMME BAS TAILLE Long T4 Morpho +
BAS,FEMME,SMARTLEG,16,19,28,36,43,57,-,T0,74,1000,NORMAL,SMARTLEG FEMME BAS TAILLE Normal T0 
BAS,FEMME,SMARTLEG,16,19,28,36,43,57,-,T0,0,74,COURT,SMARTLEG FEMME BAS TAILLE Court T0 
BAS,FEMME,SMARTLEG,19,22,26,34,40,54,-,T1,74,1000,NORMAL,SMARTLEG FEMME BAS TAILLE Normal T1
BAS,FEMME,SMARTLEG,19,22,26,34,40,54,-,T1,0,74,COURT,SMARTLEG FEMME BAS TAILLE Court T1
BAS,FEMME,SMARTLEG,22,25,30,38,45,59,-,T2,74,1000,NORMAL,SMARTLEG FEMME BAS TAILLE Normal T2
BAS,FEMME,SMARTLEG,22,25,30,38,45,59,-,T2,0,74,COURT,SMARTLEG FEMME BAS TAILLE Court T2
BAS,FEMME,SMARTLEG,25,28,34,42,51,65,-,T3,74,1000,NORMAL,SMARTLEG FEMME BAS TAILLE Normal T3
BAS,FEMME,SMARTLEG,25,28,34,42,51,65,-,T3,0,74,COURT,SMARTLEG FEMME BAS TAILLE Court T3
BAS,FEMME,SMARTLEG,28,31,40,48,60,74,-,T4,74,1000,NORMAL,SMARTLEG FEMME BAS TAILLE Normal T4
BAS,FEMME,SMARTLEG,28,31,40,48,60,74,-,T4,0,74,COURT,SMARTLEG FEMME BAS TAILLE Court T4
BAS,FEMME,SMARTLEG,19,22,34,42,54,66,-,T1,74,1000,NORMAL,SMARTLEG FEMME BAS TAILLE Normal T1 Morpho+
BAS,FEMME,SMARTLEG,19,22,34,42,54,66,-,T1,0,74,COURT,SMARTLEG FEMME BAS TAILLE Court T1 Morpho+
BAS,FEMME,SMARTLEG,22,25,38,46,59,71,-,T2,74,1000,NORMAL,SMARTLEG FEMME BAS TAILLE Normal T2 Morpho+
BAS,FEMME,SMARTLEG,22,25,38,46,59,71,-,T2,0,74,COURT,SMARTLEG FEMME BAS TAILLE Court T2 Morpho+
BAS,FEMME,SMARTLEG,25,28,42,50,65,77,-,T3,74,1000,NORMAL,SMARTLEG FEMME BAS TAILLE Normal T3 Morpho+
BAS,FEMME,SMARTLEG,25,28,42,50,65,77,-,T3,0,74,COURT,SMARTLEG FEMME BAS TAILLE Court T3 Morpho+
BAS,FEMME,RADIANTE,18,"21,5",26,36,44,53,-,T1,0,69,COURT,RADIANTE FEMME BAS TAILLE Court T1
BAS,FEMME,RADIANTE,18,"21,5",26,36,44,53,-,T1,69,78,NORMAL,RADIANTE FEMME BAS TAILLE Normal T1
BAS,FEMME,RADIANTE,18,"21,5",26,36,44,53,-,T1,86,1000,LONG,RADIANTE FEMME BAS TAILLE Long T1
BAS,FEMME,RADIANTE,22,"24,5",29,40,47,58,-,T2,0,69,COURT,RADIANTE FEMME BAS TAILLE Court T2
BAS,FEMME,RADIANTE,22,"24,5",29,40,47,58,-,T2,69,78,NORMAL,RADIANTE FEMME BAS TAILLE Normal T2
BAS,FEMME,RADIANTE,22,"24,5",29,40,47,58,-,T2,86,1000,LONG,RADIANTE FEMME BAS TAILLE Long T2
BAS,FEMME,RADIANTE,25,"26,5",33,44,52,63,-,T3,0,69,COURT,RADIANTE FEMME BAS TAILLE Court T3
BAS,FEMME,RADIANTE,25,"26,5",33,44,52,63,-,T3,69,78,NORMAL,RADIANTE FEMME BAS TAILLE Normal T3
BAS,FEMME,RADIANTE,25,"26,5",33,44,52,63,-,T3,86,1000,LONG,RADIANTE FEMME BAS TAILLE Long T3
BAS,FEMME,RADIANTE,27,"30,5",37,48,57,68,-,T4,0,69,COURT,RADIANTE FEMME BAS TAILLE Court T4
BAS,FEMME,RADIANTE,27,"30,5",37,48,57,68,-,T4,69,78,NORMAL,RADIANTE FEMME BAS TAILLE Normal T4
BAS,FEMME,RADIANTE,27,"30,5",37,48,57,68,-,T4,86,1000,LONG,RADIANTE FEMME BAS TAILLE Long T4
BAS,FEMME,RADIANTE,31,34,41,48,63,70,-,T5,0,69,COURT,RADIANTE FEMME BAS TAILLE Court T5
BAS,FEMME,RADIANTE,31,34,41,48,63,70,-,T5,69,78,NORMAL,RADIANTE FEMME BAS TAILLE Normal T5
BAS,FEMME,RADIANTE,31,34,41,48,63,70,-,T5,86,1000,LONG,RADIANTE FEMME BAS TAILLE Long T5
BAS,FEMME,RADIANTE,18,"21,5",18,"21,5",41,43,-,T1,0,69,COURT,RADIANTE FEMME BAS TAILLE Court T1 Morpho -
BAS,FEMME,RADIANTE,18,"21,5",18,"21,5",41,43,-,T1,69,78,NORMAL,RADIANTE FEMME BAS TAILLE Normal T1 Morpho -
BAS,FEMME,RADIANTE,18,"21,5",18,"21,5",41,43,-,T1,86,1000,LONG,RADIANTE FEMME BAS TAILLE Long T1 Morpho -
BAS,FEMME,RADIANTE,22,"24,5",22,"24,5",43,46,-,T2,0,69,COURT,RADIANTE FEMME BAS TAILLE Court T2 Morpho -
BAS,FEMME,RADIANTE,22,"24,5",22,"24,5",43,46,-,T2,69,78,NORMAL,RADIANTE FEMME BAS TAILLE Normal T2 Morpho -
BAS,FEMME,RADIANTE,22,"24,5",22,"24,5",43,46,-,T2,86,1000,LONG,RADIANTE FEMME BAS TAILLE Long T2 Morpho -
BAS,FEMME,RADIANTE,25,"26,5",25,"26,5",46,51,-,T3,0,69,COURT,RADIANTE FEMME BAS TAILLE Court T3 Morpho -
BAS,FEMME,RADIANTE,25,"26,5",25,"26,5",46,51,-,T3,69,78,NORMAL,RADIANTE FEMME BAS TAILLE Normal T3 Morpho -
BAS,FEMME,RADIANTE,25,"26,5",25,"26,5",46,51,-,T3,86,1000,LONG,RADIANTE FEMME BAS TAILLE Long T3 Morpho -
BAS,FEMME,RADIANTE,27,"30,5",27,"30,5",49,56,-,T4,0,69,COURT,RADIANTE FEMME BAS TAILLE Court T4 Morpho -
BAS,FEMME,RADIANTE,27,"30,5",27,"30,5",49,56,-,T4,69,78,NORMAL,RADIANTE FEMME BAS TAILLE Normal T4 Morpho -
BAS,FEMME,RADIANTE,27,"30,5",27,"30,5",49,56,-,T4,86,1000,LONG,RADIANTE FEMME BAS TAILLE Long T4 Morpho -
BAS,FEMME,RADIANTE,31,34,31,34,54,62,-,T5,0,69,COURT,RADIANTE FEMME BAS TAILLE Court T5 Morpho -
BAS,FEMME,RADIANTE,31,34,31,34,54,62,-,T5,69,78,NORMAL,RADIANTE FEMME BAS TAILLE Normal T5 Morpho -
BAS,FEMME,RADIANTE,31,34,31,34,54,62,-,T5,86,1000,LONG,RADIANTE FEMME BAS TAILLE Long T5 Morpho -
BAS,FEMME,RADIANTE,18,"21,5",18,"21,5",54,59,-,T1,0,69,COURT,RADIANTE FEMME BAS TAILLE Court T1 Morpho +
BAS,FEMME,RADIANTE,18,"21,5",18,"21,5",54,59,-,T1,69,78,NORMAL,RADIANTE FEMME BAS TAILLE Normal T1 Morpho +
BAS,FEMME,RADIANTE,18,"21,5",18,"21,5",54,59,-,T1,86,1000,LONG,RADIANTE FEMME BAS TAILLE Long T1 Morpho +
BAS,FEMME,RADIANTE,22,"24,5",22,"24,5",59,64,-,T2,0,69,COURT,RADIANTE FEMME BAS TAILLE Court T2 Morpho +
BAS,FEMME,RADIANTE,22,"24,5",22,"24,5",59,64,-,T2,69,78,NORMAL,RADIANTE FEMME BAS TAILLE Normal T2 Morpho +
BAS,FEMME,RADIANTE,22,"24,5",22,"24,5",59,64,-,T2,86,1000,LONG,RADIANTE FEMME BAS TAILLE Long T2 Morpho +
BAS,FEMME,RADIANTE,25,"26,5",25,"26,5",64,69,-,T3,0,69,COURT,RADIANTE FEMME BAS TAILLE Court T3 Morpho +
BAS,FEMME,RADIANTE,25,"26,5",25,"26,5",64,69,-,T3,69,78,NORMAL,RADIANTE FEMME BAS TAILLE Normal T3 Morpho +
BAS,FEMME,RADIANTE,25,"26,5",25,"26,5",64,69,-,T3,86,1000,LONG,RADIANTE FEMME BAS TAILLE Long T3 Morpho +
BAS,FEMME,RADIANTE,27,"30,5",27,"30,5",69,70,-,T4,0,69,COURT,RADIANTE FEMME BAS TAILLE Court T4 Morpho +
BAS,FEMME,RADIANTE,27,"30,5",27,"30,5",69,70,-,T4,69,78,NORMAL,RADIANTE FEMME BAS TAILLE Normal T4 Morpho +
BAS,FEMME,RADIANTE,27,"30,5",27,"30,5",69,70,-,T4,86,1000,LONG,RADIANTE FEMME BAS TAILLE Long T4 Morpho +
BAS,FEMME,RADIANTE,31,34,31,34,71,72,-,T5,0,69,COURT,RADIANTE FEMME BAS TAILLE Court T5 Morpho +
BAS,FEMME,RADIANTE,31,34,31,34,71,72,-,T5,69,78,NORMAL,RADIANTE FEMME BAS TAILLE Normal T5 Morpho +
BAS,FEMME,RADIANTE,31,34,31,34,71,72,-,T5,86,1000,LONG,RADIANTE FEMME BAS TAILLE Long T5 Morpho +
BAS,FEMME,JOBST,15,18,26,31,38,43,-,T0,0,71,NORMAL,JOBST FEMME BAS TAILLE Normal T0
BAS,FEMME,JOBST,15,18,26,31,38,43,-,T0,71,1000,LONG,JOBST FEMME BAS TAILLE Long T0
BAS,FEMME,JOBST,18,20,28,34,43,48,-,T1,0,71,NORMAL,JOBST FEMME BAS TAILLE Normal T1
BAS,FEMME,JOBST,18,20,28,34,43,48,-,T1,71,1000,LONG,JOBST FEMME BAS TAILLE Long T1
BAS,FEMME,JOBST,20,22,30,37,45,52,-,T2,0,71,NORMAL,JOBST FEMME BAS TAILLE Normal T2
BAS,FEMME,JOBST,20,22,30,37,45,52,-,T2,71,1000,LONG,JOBST FEMME BAS TAILLE Long T2
BAS,FEMME,JOBST,22,24,33,40,49,56,-,T3,0,71,NORMAL,JOBST FEMME BAS TAILLE Normal T3
BAS,FEMME,JOBST,22,24,33,40,49,56,-,T3,71,1000,LONG,JOBST FEMME BAS TAILLE Long T3
BAS,FEMME,JOBST,24,26,35,43,53,60,-,T4,0,71,NORMAL,JOBST FEMME BAS TAILLE Normal T4
BAS,FEMME,JOBST,24,26,35,43,53,60,-,T4,71,1000,LONG,JOBST FEMME BAS TAILLE Long T4
BAS,FEMME,JOBST,26,28,37,46,56,64,-,T5,0,71,NORMAL,JOBST FEMME BAS TAILLE Normal T5
BAS,FEMME,JOBST,26,28,37,46,56,64,-,T5,71,1000,LONG,JOBST FEMME BAS TAILLE Long T5
BAS,FEMME,JOBST,26,28,39,49,60,68,-,T6,0,71,NORMAL,JOBST FEMME BAS TAILLE Normal T6
BAS,FEMME,JOBST,26,28,39,49,60,68,-,T6,71,1000,LONG,JOBST FEMME BAS TAILLE Long T6
BAS,FEMME,JOBST,18,20,26,27,36,42,-,T1,0,71,NORMAL,JOBST FEMME BAS TAILLE Normal T1 Morpho -
BAS,FEMME,JOBST,18,20,26,27,36,42,-,T1,71,1000,LONG,JOBST FEMME BAS TAILLE Long T1 Morpho -
BAS,FEMME,JOBST,20,22,28,29,38,44,-,T2,0,71,NORMAL,JOBST FEMME BAS TAILLE Normal T2 Morpho -
BAS,FEMME,JOBST,20,22,28,29,38,44,-,T2,71,1000,LONG,JOBST FEMME BAS TAILLE Long T2 Morpho -
BAS,FEMME,JOBST,22,24,30,32,43,48,-,T3,0,71,NORMAL,JOBST FEMME BAS TAILLE Normal T3 Morpho -
BAS,FEMME,JOBST,22,24,30,32,43,48,-,T3,71,1000,LONG,JOBST FEMME BAS TAILLE Long T3 Morpho -
BAS,FEMME,JOBST,24,26,33,34,45,52,-,T4,0,71,NORMAL,JOBST FEMME BAS TAILLE Normal T4 Morpho -
BAS,FEMME,JOBST,24,26,33,34,45,52,-,T4,71,1000,LONG,JOBST FEMME BAS TAILLE Long T4 Morpho -
BAS,FEMME,JOBST,26,28,35,36,49,55,-,T5,0,71,NORMAL,JOBST FEMME BAS TAILLE Normal T5 Morpho -
BAS,FEMME,JOBST,26,28,35,36,49,55,-,T5,71,1000,LONG,JOBST FEMME BAS TAILLE Long T5 Morpho -
BAS,FEMME,JOBST,26,28,37,38,53,59,-,T6,0,71,NORMAL,JOBST FEMME BAS TAILLE Normal T6 Morpho -
BAS,FEMME,JOBST,26,28,37,38,53,59,-,T6,71,1000,LONG,JOBST FEMME BAS TAILLE Long T6 Morpho -
BAS,FEMME,JOBST,18,20,35,37,49,57,-,T1,0,71,NORMAL,JOBST FEMME BAS TAILLE Normal T1 Morpho +
BAS,FEMME,JOBST,18,20,35,37,49,57,-,T1,71,1000,LONG,JOBST FEMME BAS TAILLE Long T1 Morpho +
BAS,FEMME,JOBST,20,22,38,40,53,62,-,T2,0,71,NORMAL,JOBST FEMME BAS TAILLE Normal T2 Morpho +
BAS,FEMME,JOBST,20,22,38,40,53,62,-,T2,71,1000,LONG,JOBST FEMME BAS TAILLE Long T2 Morpho +
BAS,FEMME,JOBST,22,24,41,43,57,67,-,T3,0,71,NORMAL,JOBST FEMME BAS TAILLE Normal T3 Morpho +
BAS,FEMME,JOBST,22,24,41,43,57,67,-,T3,71,1000,LONG,JOBST FEMME BAS TAILLE Long T3 Morpho +
BAS,FEMME,JOBST,24,26,44,46,61,72,-,T4,0,71,NORMAL,JOBST FEMME BAS TAILLE Normal T4 Morpho +
BAS,FEMME,JOBST,24,26,44,46,61,72,-,T4,71,1000,LONG,JOBST FEMME BAS TAILLE Long T4 Morpho +
BAS,FEMME,JOBST,26,28,47,49,65,77,-,T5,0,71,NORMAL,JOBST FEMME BAS TAILLE Normal T5 Morpho +
BAS,FEMME,JOBST,26,28,47,49,65,77,-,T5,71,1000,LONG,JOBST FEMME BAS TAILLE Long T5 Morpho +
BAS,FEMME,JOBST,26,28,50,52,69,81,-,T6,0,71,NORMAL,JOBST FEMME BAS TAILLE Normal T6 Morpho +
BAS,FEMME,JOBST,26,28,50,52,69,81,-,T6,71,1000,LONG,JOBST FEMME BAS TAILLE Long T6 Morpho +
BAS,FEMME,THUASNE,16,19,28,33,42,52,-,T0,0,74,NORMAL,THUASNE FEMME BAS TAILLE Normal T0
BAS,FEMME,THUASNE,16,19,28,33,42,52,-,T0,74,1000,LONG,THUASNE FEMME BAS TAILLE Long T0
BAS,FEMME,THUASNE,19,21,30,35,45,54,-,T1,0,74,NORMAL,THUASNE FEMME BAS TAILLE Normal T1
BAS,FEMME,THUASNE,19,21,30,35,45,54,-,T1,74,1000,LONG,THUASNE FEMME BAS TAILLE Long T1
BAS,FEMME,THUASNE,21,24,32,38,50,59,-,T2,0,74,NORMAL,THUASNE FEMME BAS TAILLE Normal T2
BAS,FEMME,THUASNE,21,24,32,38,50,59,-,T2,74,1000,LONG,THUASNE FEMME BAS TAILLE Long T2
BAS,FEMME,THUASNE,24,26,34,42,56,66,-,T3,0,74,NORMAL,THUASNE FEMME BAS TAILLE Normal T3
BAS,FEMME,THUASNE,24,26,34,42,56,66,-,T3,74,1000,LONG,THUASNE FEMME BAS TAILLE Long T3
BAS,FEMME,THUASNE,26,29,37,46,58,69,-,T4,0,74,NORMAL,THUASNE FEMME BAS TAILLE Normal T4
BAS,FEMME,THUASNE,26,29,37,46,58,69,-,T4,74,1000,LONG,THUASNE FEMME BAS TAILLE Long T4
BAS,FEMME,THUASNE,29,31,43,49,63,74,-,T5,0,74,NORMAL,THUASNE FEMME BAS TAILLE Normal T5
BAS,FEMME,THUASNE,29,31,43,49,63,74,-,T5,74,1000,LONG,THUASNE FEMME BAS TAILLE Long T5
BAS,FEMME,THUASNE,16,19,21,28,35,42,-,T0,0,74,NORMAL,THUASNE FEMME BAS TAILLE Normal T0 Morpho-
BAS,FEMME,THUASNE,16,19,21,28,35,42,-,T0,74,1000,LONG,THUASNE FEMME BAS TAILLE Long T0 Morpho-
BAS,FEMME,THUASNE,19,21,23,30,38,45,-,T1,0,74,NORMAL,THUASNE FEMME BAS TAILLE Normal T1 Morpho-
BAS,FEMME,THUASNE,19,21,23,30,38,45,-,T1,74,1000,LONG,THUASNE FEMME BAS TAILLE Long T1 Morpho-
BAS,FEMME,THUASNE,21,24,26,32,43,50,-,T2,0,74,NORMAL,THUASNE FEMME BAS TAILLE Normal T2 Morpho-
BAS,FEMME,THUASNE,21,24,26,32,43,50,-,T2,74,1000,LONG,THUASNE FEMME BAS TAILLE Long T2 Morpho-
BAS,FEMME,THUASNE,24,26,29,34,48,56,-,T3,0,74,NORMAL,THUASNE FEMME BAS TAILLE Normal T3 Morpho-
BAS,FEMME,THUASNE,24,26,29,34,48,56,-,T3,74,1000,LONG,THUASNE FEMME BAS TAILLE Long T3 Morpho-
BAS,FEMME,THUASNE,26,29,32,37,51,58,-,T4,0,74,NORMAL,THUASNE FEMME BAS TAILLE Normal T4 Morpho-
BAS,FEMME,THUASNE,26,29,32,37,51,58,-,T4,74,1000,LONG,THUASNE FEMME BAS TAILLE Long T4 Morpho-
BAS,FEMME,THUASNE,29,31,36,43,55,63,-,T5,0,74,NORMAL,THUASNE FEMME BAS TAILLE Normal T5 Morpho-
BAS,FEMME,THUASNE,29,31,36,43,55,63,-,T5,74,1000,LONG,THUASNE FEMME BAS TAILLE Long T5 Morpho-
BAS,FEMME,THUASNE,16,19,33,42,52,57,-,T0,0,74,NORMAL,THUASNE FEMME BAS TAILLE Normal T0 Morpho+
BAS,FEMME,THUASNE,16,19,33,42,52,57,-,T0,74,1000,LONG,THUASNE FEMME BAS TAILLE Long T0 Morpho+
BAS,FEMME,THUASNE,19,21,35,46,54,59,-,T1,0,74,NORMAL,THUASNE FEMME BAS TAILLE Normal T1 Morpho+
BAS,FEMME,THUASNE,19,21,35,46,54,59,-,T1,74,1000,LONG,THUASNE FEMME BAS TAILLE Long T1 Morpho+
BAS,FEMME,THUASNE,21,24,38,48,59,66,-,T2,0,74,NORMAL,THUASNE FEMME BAS TAILLE Normal T2 Morpho+
BAS,FEMME,THUASNE,21,24,38,48,59,66,-,T2,74,1000,LONG,THUASNE FEMME BAS TAILLE Long T2 Morpho+
BAS,FEMME,THUASNE,24,26,42,52,66,70,-,T3,0,74,NORMAL,THUASNE FEMME BAS TAILLE Normal T3 Morpho+
BAS,FEMME,THUASNE,24,26,42,52,66,70,-,T3,74,1000,LONG,THUASNE FEMME BAS TAILLE Long T3 Morpho+
BAS,FEMME,THUASNE,26,29,46,54,69,74,-,T4,0,74,NORMAL,THUASNE FEMME BAS TAILLE Normal T4 Morpho+
BAS,FEMME,THUASNE,26,29,46,54,69,74,-,T4,74,1000,LONG,THUASNE FEMME BAS TAILLE Long T4 Morpho+
BAS,FEMME,THUASNE,29,31,49,56,74,78,-,T5,0,74,NORMAL,THUASNE FEMME BAS TAILLE Normal T5 Morpho+
BAS,FEMME,THUASNE,29,31,49,56,74,78,-,T5,74,1000,LONG,THUASNE FEMME BAS TAILLE Long T5 Morpho+
BAS,HOMME,JOBST,18,20,28,34,43,48,-,T1,0,71,NORMAL,JOBST HOMME BAS TAILLE Normal T1
BAS,HOMME,JOBST,18,20,28,34,43,48,-,T1,71,1000,LONG,JOBST HOMME BAS TAILLE Long T1
BAS,HOMME,JOBST,20,22,30,37,45,52,-,T2,0,71,NORMAL,JOBST HOMME BAS TAILLE Normal T2
BAS,HOMME,JOBST,20,22,30,37,45,52,-,T2,71,1000,LONG,JOBST HOMME BAS TAILLE Long T2
BAS,HOMME,JOBST,22,24,33,40,49,56,-,T3,0,71,NORMAL,JOBST HOMME BAS TAILLE Normal T3
BAS,HOMME,JOBST,22,24,33,40,49,56,-,T3,71,1000,LONG,JOBST HOMME BAS TAILLE Long T3
BAS,HOMME,JOBST,24,26,35,43,53,60,-,T4,0,71,NORMAL,JOBST HOMME BAS TAILLE Normal T4
BAS,HOMME,JOBST,24,26,35,43,53,60,-,T4,71,1000,LONG,JOBST HOMME BAS TAILLE Long T4
BAS,HOMME,JOBST,26,28,37,46,56,64,-,T5,0,71,NORMAL,JOBST HOMME BAS TAILLE Normal T5
BAS,HOMME,JOBST,26,28,37,46,56,64,-,T5,71,1000,LONG,JOBST HOMME BAS TAILLE Long T5
BAS,HOMME,JOBST,28,30,39,49,60,68,-,T6,0,71,NORMAL,JOBST HOMME BAS TAILLE Normal T6
BAS,HOMME,JOBST,28,30,39,49,60,68,-,T6,71,1000,LONG,JOBST HOMME BAS TAILLE Long T6
BAS,HOMME,SIGVARIS,19,22,31,38,48,61,-,S,0,79,NORMAL,SIGVARIS HOMME BAS TAILLE Normal S
BAS,HOMME,SIGVARIS,19,22,31,38,48,61,-,S,79,1000,LONG,SIGVARIS HOMME BAS TAILLE Long 
BAS,HOMME,SIGVARIS,22,24,34,41,52,65,-,M,0,79,NORMAL,SIGVARIS HOMME BAS TAILLE Normal M
BAS,HOMME,SIGVARIS,22,24,34,41,52,65,-,M,79,1000,LONG,SIGVARIS HOMME BAS TAILLE Long M
BAS,HOMME,SIGVARIS,24,26,36,43,57,70,-,L,0,79,NORMAL,SIGVARIS HOMME BAS TAILLE Normal L
BAS,HOMME,SIGVARIS,24,26,36,43,57,70,-,L,79,1000,LONG,SIGVARIS HOMME BAS TAILLE Long L
BAS,HOMME,SIGVARIS,26,29,39,46,61,74,-,XL,0,79,NORMAL,SIGVARIS HOMME BAS TAILLE Normal XL
BAS,HOMME,SIGVARIS,26,29,39,46,61,74,-,XL,79,1000,LONG,SIGVARIS HOMME BAS TAILLE Long XL
BAS,HOMME,SIGVARIS,29,32,42,49,63,76,-,XXL,0,79,NORMAL,SIGVARIS HOMME BAS TAILLE Normal XXL
BAS,HOMME,SIGVARIS,29,32,42,49,63,76,-,XXL,79,1000,LONG,SIGVARIS HOMME BAS TAILLE Long XXL
BAS,HOMME,SIGVARIS,19,22,28,35,38,48,-,S,0,79,NORMAL,SIGVARIS HOMME BAS TAILLE Normal S Morpho-
BAS,HOMME,SIGVARIS,19,22,28,35,38,48,-,S,79,1000,LONG,SIGVARIS HOMME BAS TAILLE Long Morpho-
BAS,HOMME,SIGVARIS,22,24,31,38,42,52,-,M,0,79,NORMAL,SIGVARIS HOMME BAS TAILLE Normal M Morpho-
BAS,HOMME,SIGVARIS,22,24,31,38,42,52,-,M,79,1000,LONG,SIGVARIS HOMME BAS TAILLE Long M Morpho-
BAS,HOMME,SIGVARIS,24,26,33,40,47,57,-,L,0,79,NORMAL,SIGVARIS HOMME BAS TAILLE Normal L Morpho-
BAS,HOMME,SIGVARIS,24,26,33,40,47,57,-,L,79,1000,LONG,SIGVARIS HOMME BAS TAILLE Long L Morpho-
BAS,HOMME,SIGVARIS,26,29,36,43,51,61,-,XL,0,79,NORMAL,SIGVARIS HOMME BAS TAILLE Normal XL Morpho-
BAS,HOMME,SIGVARIS,26,29,36,43,51,61,-,XL,79,1000,LONG,SIGVARIS HOMME BAS TAILLE Long XL Morpho-
BAS,HOMME,DYNAVEN,19,22,32,39,46,57,-,S,0,79,NORMAL,DYNAVEN HOMME BAS TAILLE Normal S
BAS,HOMME,DYNAVEN,19,22,32,39,46,57,-,S,79,1000,LONG,DYNAVEN HOMME BAS TAILLE Long S
BAS,HOMME,DYNAVEN,22,24,35,42,50,61,-,M,0,79,NORMAL,DYNAVEN HOMME BAS TAILLE Normal M
BAS,HOMME,DYNAVEN,22,24,35,42,50,61,-,M,79,1000,LONG,DYNAVEN HOMME BAS TAILLE Long M
BAS,HOMME,DYNAVEN,24,26,38,45,54,66,-,L,0,79,NORMAL,DYNAVEN HOMME BAS TAILLE Normal L
BAS,HOMME,DYNAVEN,24,26,38,45,54,66,-,L,79,1000,LONG,DYNAVEN HOMME BAS TAILLE Long L
BAS,HOMME,DYNAVEN,26,29,41,48,58,69,-,XL,0,79,NORMAL,DYNAVEN HOMME BAS TAILLE Normal XL
BAS,HOMME,DYNAVEN,26,29,41,48,58,69,-,XL,79,1000,LONG,DYNAVEN HOMME BAS TAILLE Long XL
BAS,HOMME,ACTYS-LEGGER,19,22,32,39,47,57,-,T1,0,78,NORMAL,ACTYS-LEGGER HOMME BAS TAILLE Normal T1
BAS,HOMME,ACTYS-LEGGER,19,22,32,39,47,57,-,T1,78,1000,LONG,ACTYS-LEGGER HOMME BAS TAILLE Long T1
BAS,HOMME,ACTYS-LEGGER,22,25,33,40,52,62,-,T2,0,78,NORMAL,ACTYS-LEGGER HOMME BAS TAILLE Normal T2
BAS,HOMME,ACTYS-LEGGER,22,25,33,40,52,62,-,T2,78,1000,LONG,ACTYS-LEGGER HOMME BAS TAILLE Long T2
BAS,HOMME,ACTYS-LEGGER,25,28,34,41,57,67,-,T3,0,78,NORMAL,ACTYS-LEGGER HOMME BAS TAILLE Normal T3
BAS,HOMME,ACTYS-LEGGER,25,28,34,41,57,67,-,T3,78,1000,LONG,ACTYS-LEGGER HOMME BAS TAILLE Long T3
BAS,HOMME,ACTYS-LEGGER,28,31,37,44,62,72,-,T4,0,78,NORMAL,ACTYS-LEGGER HOMME BAS TAILLE Normal T4
BAS,HOMME,ACTYS-LEGGER,28,31,37,44,62,72,-,T4,78,1000,LONG,ACTYS-LEGGER HOMME BAS TAILLE Long T4
BAS,HOMME,ACTYS-LEGGER,19,22,32,39,42,47,-,T1,0,78,NORMAL,ACTYS-LEGGER HOMME BAS TAILLE Normal T1 Morpho-
BAS,HOMME,ACTYS-LEGGER,19,22,32,39,42,47,-,T1,78,1000,LONG,ACTYS-LEGGER HOMME BAS TAILLE Long T1 Morpho-
BAS,HOMME,ACTYS-LEGGER,22,25,33,40,47,52,-,T2,0,78,NORMAL,ACTYS-LEGGER HOMME BAS TAILLE Normal T2 Morpho-
BAS,HOMME,ACTYS-LEGGER,22,25,33,40,47,52,-,T2,78,1000,LONG,ACTYS-LEGGER HOMME BAS TAILLE Long T2 Morpho-
BAS,HOMME,ACTYS-LEGGER,25,28,34,41,52,57,-,T3,0,78,NORMAL,ACTYS-LEGGER HOMME BAS TAILLE Normal T3 Morpho-
BAS,HOMME,ACTYS-LEGGER,25,28,34,41,52,57,-,T3,78,1000,LONG,ACTYS-LEGGER HOMME BAS TAILLE Long T3 Morpho-
BAS,HOMME,ACTYS-LEGGER,28,31,37,44,57,62,-,T4,0,78,NORMAL,ACTYS-LEGGER HOMME BAS TAILLE Normal T4 Morpho-
BAS,HOMME,ACTYS-LEGGER,28,31,37,44,57,62,-,T4,78,1000,LONG,ACTYS-LEGGER HOMME BAS TAILLE Long T4 Morpho-
BAS,HOMME,ACTYS-LEGGER,19,22,39,46,57,67,-,T1,0,78,NORMAL,ACTYS-LEGGER HOMME BAS TAILLE Normal T1 Morpho+
BAS,HOMME,ACTYS-LEGGER,19,22,39,46,57,67,-,T1,78,1000,LONG,ACTYS-LEGGER HOMME BAS TAILLE Long T1 Morpho+
BAS,HOMME,ACTYS-LEGGER,22,25,40,47,62,72,-,T2,0,78,NORMAL,ACTYS-LEGGER HOMME BAS TAILLE Normal T2 Morpho+
BAS,HOMME,ACTYS-LEGGER,22,25,40,47,62,72,-,T2,78,1000,LONG,ACTYS-LEGGER HOMME BAS TAILLE Long T2 Morpho+
BAS,HOMME,ACTYS-LEGGER,25,28,41,48,67,77,-,T3,0,78,NORMAL,ACTYS-LEGGER HOMME BAS TAILLE Normal T3 Morpho+
BAS,HOMME,ACTYS-LEGGER,25,28,41,48,67,77,-,T3,78,1000,LONG,ACTYS-LEGGER HOMME BAS TAILLE Long T3 Morpho+
BAS,HOMME,ACTYS-LEGGER,28,31,44,51,72,82,-,T4,0,78,NORMAL,ACTYS-LEGGER HOMME BAS TAILLE Normal T4 Morpho+
BAS,HOMME,ACTYS-LEGGER,28,31,44,51,72,82,-,T4,78,1000,LONG,ACTYS-LEGGER HOMME BAS TAILLE Long T4 Morpho+
BAS,HOMME,RADIANTE,18,"21,5",29,36,44,53,-,T1,0,68,COURT,JOBST HOMME BAS TAILLE Court T1
BAS,HOMME,RADIANTE,18,"21,5",29,36,44,53,-,T1,68,78,MOYEN,JOBST HOMME BAS TAILLE Moyen T1
BAS,HOMME,RADIANTE,18,"21,5",29,36,44,53,-,T1,78,1000,LONG,JOBST HOMME BAS TAILLE Long T1
BAS,HOMME,RADIANTE,22,"24,5",29,40,47,58,-,T2,0,68,COURT,JOBST HOMME BAS TAILLE Court T2
BAS,HOMME,RADIANTE,22,"24,5",29,40,47,58,-,T2,68,78,MOYEN,JOBST HOMME BAS TAILLE Moyen T2
BAS,HOMME,RADIANTE,22,"24,5",29,40,47,58,-,T2,78,1000,LONG,JOBST HOMME BAS TAILLE Long T2
BAS,HOMME,RADIANTE,25,"26,5",33,44,52,63,-,T3,0,68,COURT,JOBST HOMME BAS TAILLE Court T3
BAS,HOMME,RADIANTE,25,"26,5",33,44,52,63,-,T3,68,78,MOYEN,JOBST HOMME BAS TAILLE Moyen T3
BAS,HOMME,RADIANTE,25,"26,5",33,44,52,63,-,T3,78,1000,LONG,"JOBST HOMME BAS TAILLE Long T3,"
BAS,HOMME,RADIANTE,27,"30,5",37,48,57,68,-,T4,0,68,COURT,JOBST HOMME BAS TAILLE Court T4
BAS,HOMME,RADIANTE,27,"30,5",37,48,57,68,-,T4,68,78,MOYEN,JOBST HOMME BAS TAILLE Moyen T4
BAS,HOMME,RADIANTE,27,"30,5",37,48,57,68,-,T4,78,1000,LONG,JOBST HOMME BAS TAILLE Long T4
BAS,HOMME,RADIANTE,31,34,41,48,63,70,-,T5,0,68,COURT,JOBST HOMME BAS TAILLE Court T5
BAS,HOMME,RADIANTE,31,34,41,48,63,70,-,T5,68,78,MOYEN,JOBST HOMME BAS TAILLE Moyen T5
BAS,HOMME,RADIANTE,31,34,41,48,63,70,-,T5,78,1000,LONG,JOBST HOMME BAS TAILLE Long T5
BAS,HOMME,THUASNE,19,21,30,35,45,54,-,T1,0,78,NORMAL,THUASNE HOMME BAS TAILLE Normal T1
BAS,HOMME,THUASNE,19,21,30,35,45,54,-,T1,78,1000,LONG,THUASNE HOMME  BAS TAILLE Long T1
BAS,HOMME,THUASNE,21,24,32,38,50,59,-,T2,0,78,NORMAL,THUASNE HOMME BAS TAILLE Normal T2
BAS,HOMME,THUASNE,21,24,32,38,50,59,-,T2,78,1000,LONG,THUASNE HOMME BAS TAILLE Long T2
BAS,HOMME,THUASNE,24,26,34,42,56,66,-,T3,0,78,NORMAL,THUASNE HOMME BAS TAILLE Normal T3
BAS,HOMME,THUASNE,24,26,34,42,56,66,-,T3,78,1000,LONG,THUASNE HOMME BAS TAILLE Long T3
BAS,HOMME,THUASNE,26,29,37,46,58,69,-,T4,0,78,NORMAL,THUASNE HOMME  BAS TAILLE Normal T4
BAS,HOMME,THUASNE,26,29,37,46,58,69,-,T4,78,1000,LONG,THUASNE HOMME  BAS TAILLE Long T4
BAS,HOMME,THUASNE,29,31,43,49,63,74,-,T5,0,78,NORMAL,THUASNE HOMME BAS TAILLE Normal T5
BAS,HOMME,THUASNE,29,31,43,49,63,74,-,T5,78,1000,LONG,THUASNE HOMME BAS TAILLE Long T5
BAS,HOMME,THUASNE,19,21,23,30,38,45,-,T1,0,78,NORMAL,THUASNE HOMME BAS TAILLE Normal T1 Morpho-
BAS,HOMME,THUASNE,19,21,23,30,38,45,-,T1,78,1000,LONG,THUASNE HOMME BAS TAILLE Long T1 Morpho-
BAS,HOMME,THUASNE,21,24,26,32,43,50,-,T2,0,78,NORMAL,THUASNE HOMME  BAS TAILLE Normal T2 Morpho-
BAS,HOMME,THUASNE,21,24,26,32,43,50,-,T2,78,1000,LONG,THUASNE HOMME BAS TAILLE Long T2 Morpho-
BAS,HOMME,THUASNE,24,26,29,34,48,56,-,T3,0,78,NORMAL,THUASNE HOMME BAS TAILLE Normal T3 Morpho-
BAS,HOMME,THUASNE,24,26,29,34,48,56,-,T3,78,1000,LONG,THUASNE HOMME BAS TAILLE Long T3 Morpho-
BAS,HOMME,THUASNE,26,29,32,37,51,58,-,T4,0,78,NORMAL,THUASNE HOMME BAS TAILLE Normal T4 Morpho-
BAS,HOMME,THUASNE,26,29,32,37,51,58,-,T4,78,1000,LONG,THUASNE HOMME BAS TAILLE Long T4 Morpho-
BAS,HOMME,THUASNE,29,31,36,43,55,63,-,T5,0,78,NORMAL,THUASNE HOMME BAS TAILLE Normal T5 Morpho-
BAS,HOMME,THUASNE,29,31,36,43,55,63,-,T5,78,1000,LONG,THUASNE HOMME BAS TAILLE Long T5 Morpho-
BAS,HOMME,THUASNE,19,21,35,46,54,59,-,T1,0,78,NORMAL,THUASNE HOMME BAS TAILLE Normal T1 Morpho+
BAS,HOMME,THUASNE,19,21,35,46,54,59,-,T1,78,1000,LONG,THUASNE HOMME BAS TAILLE Long T1 Morpho+
BAS,HOMME,THUASNE,21,24,38,48,59,66,-,T2,0,78,NORMAL,THUASNE HOMME BAS TAILLE Normal T2 Morpho+
BAS,HOMME,THUASNE,21,24,38,48,59,66,-,T2,78,1000,LONG,THUASNE HOMME BAS TAILLE Long T2 Morpho+
BAS,HOMME,THUASNE,24,26,42,52,66,70,-,T3,0,78,NORMAL,THUASNE HOMME BAS TAILLE Normal T3 Morpho+
BAS,HOMME,THUASNE,24,26,42,52,66,70,-,T3,78,1000,LONG,THUASNE HOMME BAS TAILLE Long T3 Morpho+
BAS,HOMME,THUASNE,26,29,46,54,69,74,-,T4,0,78,NORMAL,THUASNE HOMME BAS TAILLE Normal T4 Morpho+
BAS,HOMME,THUASNE,26,29,46,54,69,74,-,T4,78,1000,LONG,THUASNE HOMME BAS TAILLE Long T4 Morpho+
BAS,HOMME,THUASNE,29,31,49,56,74,78,-,T5,0,78,NORMAL,THUASNE HOMME BAS TAILLE Normal T5 Morpho+
BAS,HOMME,THUASNE,29,31,49,56,74,78,-,T5,78,1000,LONG,THUASNE HOMME BAS TAILLE Long T5 Morpho+
CHAUSSETTES,FEMME,SIGVARIS,17,19,27,35,-,-,-,XS,0,40,NORMAL,SIGVARIS FEMME CHAUSSETTES TAILLE Normal XS
CHAUSSETTES,FEMME,SIGVARIS,17,19,27,35,-,-,-,XS,40,1000,LONG,SIGVARIS FEMME CHAUSSETTES TAILLE Long XS
CHAUSSETTES,FEMME,SIGVARIS,19,22,30,38,-,-,-,S,0,40,NORMAL,SIGVARIS FEMME CHAUSSETTESTAILLE Normal S
CHAUSSETTES,FEMME,SIGVARIS,19,22,30,38,-,-,-,S,40,1000,LONG,SIGVARIS FEMME CHAUSSETTESTAILLE Long S
CHAUSSETTES,FEMME,SIGVARIS,19,22,22,30,-,-,-,S,0,40,NORMAL,SIGVARIS FEMME CHAUSSETTESTAILLE Normal S Morpho -
CHAUSSETTES,FEMME,SIGVARIS,19,22,22,30,-,-,-,S,40,1000,LONG,SIGVARIS FEMME CHAUSSETTESTAILLE Long S Morpho -
CHAUSSETTES,FEMME,SIGVARIS,19,22,38,16,-,-,-,S,0,40,NORMAL,SIGVARIS FEMME CHAUSSETTESTAILLE Normal S Morpho +
CHAUSSETTES,FEMME,SIGVARIS,19,22,38,16,-,-,-,S,40,1000,LONG,SIGVARIS FEMME CHAUSSETTESTAILLE Long S Morpho +
CHAUSSETTES,FEMME,SIGVARIS,22,27,33,41,-,-,-,M,0,40,NORMAL,SIGVARIS FEMME CHAUSSETTES TAILLE Normal M
CHAUSSETTES,FEMME,SIGVARIS,22,27,33,41,-,-,-,M,40,1000,LONG,SIGVARIS FEMME CHAUSSETTES TAILLE Long M
CHAUSSETTES,FEMME,SIGVARIS,22,27,25,33,-,-,-,M,0,40,NORMAL,SIGVARIS FEMME CHAUSSETTES TAILLE Normal M Morpho -
CHAUSSETTES,FEMME,SIGVARIS,22,27,25,33,-,-,-,M,40,1000,LONG,SIGVARIS FEMME CHAUSSETTES TAILLE Long M Morpho -
CHAUSSETTES,FEMME,SIGVARIS,22,27,41,49,-,-,-,M,0,40,NORMAL,SIGVARIS FEMME CHAUSSETTES TAILLE Normal M Morpho +
CHAUSSETTES,FEMME,SIGVARIS,22,27,41,49,-,-,-,M,40,1000,LONG,SIGVARIS FEMME CHAUSSETTES TAILLE Long M Morpho +
CHAUSSETTES,FEMME,SIGVARIS,24,26,37,45,-,-,-,L,0,40,NORMAL,SIGVARIS FEMME CHAUSSETTES TAILLE Normal L
CHAUSSETTES,FEMME,SIGVARIS,24,26,37,45,-,-,-,L,40,1000,LONG,SIGVARIS FEMME CHAUSSETTES TAILLE Long L
CHAUSSETTES,FEMME,SIGVARIS,24,26,29,37,-,-,-,L,0,40,NORMAL,SIGVARIS FEMME CHAUSSETTES TAILLE Normal L Morpho -
CHAUSSETTES,FEMME,SIGVARIS,24,26,29,37,-,-,-,L,40,1000,LONG,SIGVARIS FEMME CHAUSSETTES TAILLE Long L Morpho -
CHAUSSETTES,FEMME,SIGVARIS,24,26,45,53,-,-,-,L,0,40,NORMAL,SIGVARIS FEMME CHAUSSETTES TAILLE Normal L Morpho +
CHAUSSETTES,FEMME,SIGVARIS,24,26,45,53,-,-,-,L,40,1000,LONG,SIGVARIS FEMME CHAUSSETTES TAILLE Long L Morpho +
CHAUSSETTES,FEMME,SIGVARIS,26,29,40,48,-,-,-,XL,0,40,NORMAL,SIGVARIS FEMME CHAUSSETTES TAILLE Normal XL
CHAUSSETTES,FEMME,SIGVARIS,26,29,40,48,-,-,-,XL,40,1000,LONG,SIGVARIS FEMME CHAUSSETTES TAILLE Long XL
CHAUSSETTES,FEMME,SIGVARIS,26,29,32,40,-,-,-,XL,0,40,NORMAL,SIGVARIS FEMME CHAUSSETTES TAILLE Normal XL Morpho -
CHAUSSETTES,FEMME,SIGVARIS,26,29,32,40,-,-,-,XL,40,1000,LONG,SIGVARIS FEMME CHAUSSETTES TAILLE Long XL Morpho -
CHAUSSETTES,FEMME,SIGVARIS,26,29,48,56,-,-,-,XL,0,40,NORMAL,SIGVARIS FEMME CHAUSSETTES TAILLE Normal XL Morpho +
CHAUSSETTES,FEMME,SIGVARIS,26,29,48,56,-,-,-,XL,40,1000,LONG,SIGVARIS FEMME CHAUSSETTES TAILLE Long XL Morpho +
CHAUSSETTES,FEMME,SIGVARIS,29,32,43,51,-,-,-,XXL,0,40,NORMAL,SIGVARIS FEMME CHAUSSETTES TAILLE Normal XXL
CHAUSSETTES,FEMME,SIGVARIS,29,32,43,51,-,-,-,XXL,40,1000,LONG,SIGVARIS FEMME CHAUSSETTES TAILLE Long XXL
CHAUSSETTES,FEMME,SIGVARIS,29,32,51,59,-,-,-,XXL,0,40,NORMAL,SIGVARIS FEMME CHAUSSETTES TAILLE Normal XXL Morpho +
CHAUSSETTES,FEMME,SIGVARIS,29,32,51,59,-,-,-,XXL,40,1000,LONG,SIGVARIS FEMME CHAUSSETTES TAILLE Long XXL Morpho +
CHAUSSETTES,FEMME,DYNAVEN,17,19,29,35,-,-,-,XS,0,40,NORMAL,DYNAVEN FEMME CHAUSSETTES TAILLE Normal XS
CHAUSSETTES,FEMME,DYNAVEN,17,19,29,35,-,-,-,XS,40,1000,LONG,DYNAVEN FEMME CHAUSSETTES TAILLE Long XS
CHAUSSETTES,FEMME,DYNAVEN,19,22,32,38,-,-,-,S,0,40,NORMAL,DYNAVEN FEMME CHAUSSETTES TAILLE Normal S
CHAUSSETTES,FEMME,DYNAVEN,19,22,32,38,-,-,-,S,40,1000,LONG,DYNAVEN FEMME CHAUSSETTES TAILLE Long S
CHAUSSETTES,FEMME,DYNAVEN,22,27,35,41,-,-,-,M,0,40,NORMAL,DYNAVEN FEMME CHAUSSETTES TAILLE Normal M
CHAUSSETTES,FEMME,DYNAVEN,22,27,35,41,-,-,-,M,40,1000,LONG,DYNAVEN FEMME CHAUSSETTES TAILLE Long M
CHAUSSETTES,FEMME,DYNAVEN,24,26,38,44,-,-,-,L,0,40,NORMAL,DYNAVEN FEMME CHAUSSETTES TAILLE Normal L
CHAUSSETTES,FEMME,DYNAVEN,24,26,38,44,-,-,-,L,40,1000,LONG,DYNAVEN FEMME CHAUSSETTES TAILLE Long L
CHAUSSETTES,FEMME,DYNAVEN,26,29,41,47,-,-,-,XL,0,40,NORMAL,DYNAVEN FEMME CHAUSSETTES TAILLE Normal XL
CHAUSSETTES,FEMME,DYNAVEN,26,29,41,47,-,-,-,XL,40,1000,LONG,DYNAVEN FEMME CHAUSSETTES  TAILLE Long XL
CHAUSSETTES,FEMME,DYNAVEN,29,32,44,50,-,-,-,XXL,0,40,NORMAL,DYNAVEN FEMME CHAUSSETTES  TAILLE Normal XXL
CHAUSSETTES,FEMME,DYNAVEN,29,32,44,50,-,-,-,XXL,40,1000,LONG,DYNAVEN FEMME CHAUSSETTES TAILLE Long XXL
CHAUSSETTES,FEMME,DYNAVEN,17,19,23,29,-,-,-,XS,0,40,NORMAL,DYNAVEN FEMME CHAUSSETTES TAILLE Normal XS Morpho -
CHAUSSETTES,FEMME,DYNAVEN,17,19,23,29,-,-,-,XS,40,1000,LONG,DYNAVEN FEMME CHAUSSETTES TAILLE Long XS Morpho -
CHAUSSETTES,FEMME,DYNAVEN,19,22,24,32,-,-,-,S,0,40,NORMAL,DYNAVEN FEMME CHAUSSETTES TAILLE Normal S Morpho -
CHAUSSETTES,FEMME,DYNAVEN,19,22,24,32,-,-,-,S,40,1000,LONG,DYNAVEN FEMME CHAUSSETTES TAILLE Long S Morpho -
CHAUSSETTES,FEMME,DYNAVEN,22,27,27,35,-,-,-,M,0,40,NORMAL,DYNAVEN FEMME CHAUSSETTES TAILLE Normal M Morpho -
CHAUSSETTES,FEMME,DYNAVEN,22,27,27,35,-,-,-,M,40,1000,LONG,DYNAVEN FEMME CHAUSSETTES TAILLE Long M Morpho -
CHAUSSETTES,FEMME,DYNAVEN,24,26,30,38,-,-,-,L,0,40,NORMAL,DYNAVEN FEMME CHAUSSETTES TAILLE Normal L Morpho -
CHAUSSETTES,FEMME,DYNAVEN,24,26,30,38,-,-,-,L,40,1000,LONG,DYNAVEN FEMME CHAUSSETTES TAILLE Long L Morpho -
CHAUSSETTES,FEMME,DYNAVEN,26,29,33,41,-,-,-,XL,0,40,NORMAL,DYNAVEN FEMME CHAUSSETTES TAILLE Normal XL Morpho -
CHAUSSETTES,FEMME,DYNAVEN,26,29,33,41,-,-,-,XL,40,1000,LONG,DYNAVEN FEMME CHAUSSETTES TAILLE Long XL Morpho -
CHAUSSETTES,FEMME,ACTYS-LEGGER,16,18,27,33,-,-,-,T0,0,39,NORMAL,ACTYS-LEGGER FEMME CHAUSSETTES TAILLE Normal T0
CHAUSSETTES,FEMME,ACTYS-LEGGER,16,18,27,33,-,-,-,T0,39,1000,LONG,ACTYS-LEGGER FEMME CHAUSSETTES TAILLE Long T0
CHAUSSETTES,FEMME,ACTYS-LEGGER,18,"21,5",30,37,-,-,-,T1,0,39,NORMAL,ACTYS-LEGGER FEMME CHAUSSETTES TAILLE Normal T1
CHAUSSETTES,FEMME,ACTYS-LEGGER,18,"21,5",30,37,-,-,-,T1,39,1000,LONG,ACTYS-LEGGER FEMME CHAUSSETTES TAILLE Long T1
CHAUSSETTES,FEMME,ACTYS-LEGGER,"21,5","23,5",34,40,-,-,-,T2,0,39,NORMAL,ACTYS-LEGGER FEMME CHAUSSETTES TAILLE Normal T2
CHAUSSETTES,FEMME,ACTYS-LEGGER,"21,5","23,5",34,40,-,-,-,T2,39,1000,LONG,ACTYS-LEGGER FEMME CHAUSSETTES TAILLE Long T2
CHAUSSETTES,FEMME,ACTYS-LEGGER,"23,5","25,5",37,45,-,-,-,T3,0,39,NORMAL,ACTYS-LEGGER FEMME CHAUSSETTES TAILLE Normal T3
CHAUSSETTES,FEMME,ACTYS-LEGGER,"23,5","25,5",37,45,-,-,-,T3,39,1000,LONG,ACTYS-LEGGER FEMME CHAUSSETTES TAILLE Long T3
CHAUSSETTES,FEMME,ACTYS-LEGGER,"25,5",29,40,47,-,-,-,T4,0,39,NORMAL,ACTYS-LEGGER FEMME CHAUSSETTES TAILLE Normal T4
CHAUSSETTES,FEMME,ACTYS-LEGGER,"25,5",29,40,47,-,-,-,T4,39,1000,LONG,ACTYS-LEGGER FEMME CHAUSSETTES TAILLE Long T4
CHAUSSETTES,FEMME,ACTYS-LEGGER,18,"21,5",24,40,-,-,-,T1,0,40,NORMAL,ACTYS-LEGGER FEMME CHAUSSETTES TAILLE Normal T1 Morpho -
CHAUSSETTES,FEMME,ACTYS-LEGGER,18,"21,5",24,40,-,-,-,T1,40,1000,LONG,ACTYS-LEGGER FEMME CHAUSSETTES TAILLE Long T1 Morpho -
CHAUSSETTES,FEMME,ACTYS-LEGGER,"21,5","23,5",27,34,-,-,-,T2,0,40,NORMAL,ACTYS-LEGGER FEMME CHAUSSETTES TAILLE Normal T2 Morpho -
CHAUSSETTES,FEMME,ACTYS-LEGGER,"21,5","23,5",27,34,-,-,-,T2,40,1000,LONG,ACTYS-LEGGER FEMME CHAUSSETTES TAILLE Long T2 Morpho -
CHAUSSETTES,FEMME,ACTYS-LEGGER,"23,5","25,5",30,37,-,-,-,T3,0,40,NORMAL,ACTYS-LEGGER FEMME CHAUSSETTES TAILLE Normal T3 Morpho -
CHAUSSETTES,FEMME,ACTYS-LEGGER,"23,5","25,5",30,37,-,-,-,T3,40,1000,LONG,ACTYS-LEGGER FEMME CHAUSSETTES TAILLE Long T3 Morpho -
CHAUSSETTES,FEMME,ACTYS-LEGGER,"25,5",29,33,40,-,-,-,T4,0,40,NORMAL,ACTYS-LEGGER FEMME CHAUSSETTES TAILLE Normal T4 Morpho -
CHAUSSETTES,FEMME,ACTYS-LEGGER,"25,5",29,33,40,-,-,-,T4,40,1000,LONG,ACTYS-LEGGER FEMME CHAUSSETTES TAILLE Long T4 Morpho -
CHAUSSETTES,FEMME,ACTYS-LEGGER,18,"21,5",37,44,-,-,-,T1,0,40,NORMAL,ACTYS-LEGGER FEMME CHAUSSETTES TAILLE Normal T1 Morpho +
CHAUSSETTES,FEMME,ACTYS-LEGGER,18,"21,5",37,44,-,-,-,T1,40,1000,LONG,ACTYS-LEGGER FEMME CHAUSSETTES TAILLE Long T1 Morpho +
CHAUSSETTES,FEMME,ACTYS-LEGGER,"21,5","23,5",40,47,-,-,-,T2,0,40,NORMAL,ACTYS-LEGGER FEMME CHAUSSETTES TAILLE Normal T2 Morpho +
CHAUSSETTES,FEMME,ACTYS-LEGGER,"21,5","23,5",40,47,-,-,-,T2,40,1000,LONG,ACTYS-LEGGER FEMME CHAUSSETTES TAILLE Long T2 Morpho +
CHAUSSETTES,FEMME,ACTYS-LEGGER,"23,5","25,5",45,52,-,-,-,T3,0,40,NORMAL,ACTYS-LEGGER FEMME CHAUSSETTES TAILLE Normal T3 Morpho +
CHAUSSETTES,FEMME,ACTYS-LEGGER,"23,5","25,5",45,52,-,-,-,T3,40,1000,LONG,ACTYS-LEGGER FEMME CHAUSSETTES TAILLE Long T3 Morpho +
CHAUSSETTES,FEMME,ACTYS-LEGGER,"25,5",29,47,54,-,-,-,T4,0,40,NORMAL,ACTYS-LEGGER FEMME CHAUSSETTES TAILLE Normal T4 Morpho +
CHAUSSETTES,FEMME,ACTYS-LEGGER,"25,5",29,47,54,-,-,-,T4,40,1000,LONG,ACTYS-LEGGER FEMME CHAUSSETTES TAILLE Long T4 Morpho +
CHAUSSETTES,FEMME,SMARTLEG,16,19,28,36,-,-,-,T0,74,1000,NORMAL,SMARTLEG FEMME CHAUSSETTES TAILLE Normal T0
CHAUSSETTES,FEMME,SMARTLEG,16,19,28,36,-,-,-,T0,0,74,COURT,SMARTLEG FEMME CHAUSSETTES TAILLE Court T0
CHAUSSETTES,FEMME,SMARTLEG,19,22,26,34,-,-,-,T1,74,1000,NORMAL,SMARTLEG FEMME CHAUSSETTES TAILLE Normal T1
CHAUSSETTES,FEMME,SMARTLEG,19,22,26,34,-,-,-,T1,0,74,COURT,SMARTLEG FEMME CHAUSSETTES TAILLE Court T1
CHAUSSETTES,FEMME,SMARTLEG,22,25,30,38,-,-,-,T2,74,1000,NORMAL,SMARTLEG FEMME CHAUSSETTES TAILLE Normal T2
CHAUSSETTES,FEMME,SMARTLEG,22,25,30,38,-,-,-,T2,0,74,COURT,SMARTLEG FEMME CHAUSSETTES TAILLE Court T2
CHAUSSETTES,FEMME,SMARTLEG,25,28,34,42,-,-,-,T3,74,1000,NORMAL,SMARTLEG FEMME CHAUSSETTES TAILLE Normal T3
CHAUSSETTES,FEMME,SMARTLEG,25,28,34,42,-,-,-,T3,0,74,COURT,SMARTLEG FEMME CHAUSSETTES TAILLE Court T3
CHAUSSETTES,FEMME,SMARTLEG,28,31,40,48,-,-,-,T4,74,1000,NORMAL,SMARTLEG FEMME CHAUSSETTES TAILLE Normal T4
CHAUSSETTES,FEMME,SMARTLEG,28,31,40,48,-,-,-,T4,0,74,COURT,SMARTLEG FEMME CHAUSSETTES TAILLE Court T4
CHAUSSETTES,FEMME,SMARTLEG,19,22,34,42,-,-,-,T1,74,1000,NORMAL,SMARTLEG FEMME CHAUSSETTES TAILLE Normal T1 Morpho +
CHAUSSETTES,FEMME,SMARTLEG,19,22,34,42,-,-,-,T1,0,74,COURT,SMARTLEG FEMME CHAUSSETTES TAILLE Court T1 Morpho +
CHAUSSETTES,FEMME,SMARTLEG,22,25,38,46,-,-,-,T2,74,1000,NORMAL,SMARTLEG FEMME CHAUSSETTES TAILLE Normal T2 Morpho +
CHAUSSETTES,FEMME,SMARTLEG,22,25,38,46,-,-,-,T2,0,74,COURT,SMARTLEG FEMME CHAUSSETTES TAILLE Court T2 Morpho +
CHAUSSETTES,FEMME,SMARTLEG,25,28,42,50,-,-,-,T3,74,1000,NORMAL,SMARTLEG FEMME CHAUSSETTES TAILLE Normal T3 Morpho +
CHAUSSETTES,FEMME,SMARTLEG,25,28,42,50,-,-,-,T3,0,74,COURT,SMARTLEG FEMME CHAUSSETTES TAILLE Court T3 Morpho +
CHAUSSETTES,FEMME,RADIANTE,18,"21,5",26,36,-,-,-,T1,0,36,COURT,RADIANTE FEMME CHAUSSETTES TAILLE Court T1
CHAUSSETTES,FEMME,RADIANTE,18,"21,5",26,36,-,-,-,T1,37,40,NORMAL,RADIANTE FEMME CHAUSSETTES TAILLE Normal T1
CHAUSSETTES,FEMME,RADIANTE,18,"21,5",26,36,-,-,-,T1,41,1000,LONG,RADIANTE FEMME CHAUSSETTES TAILLE Long T1
CHAUSSETTES,FEMME,RADIANTE,22,"24,5",29,40,-,-,-,T2,0,36,COURT,RADIANTE FEMME CHAUSSETTES TAILLE Court T2
CHAUSSETTES,FEMME,RADIANTE,22,"24,5",29,40,-,-,-,T2,37,40,NORMAL,RADIANTE FEMME CHAUSSETTES TAILLE Normal T2
CHAUSSETTES,FEMME,RADIANTE,22,"24,5",29,40,-,-,-,T2,41,1000,LONG,RADIANTE FEMME CHAUSSETTES TAILLE Long T2
CHAUSSETTES,FEMME,RADIANTE,25,"26,5",33,44,-,-,-,T3,0,36,COURT,RADIANTE FEMME CHAUSSETTES TAILLE Court T3
CHAUSSETTES,FEMME,RADIANTE,25,"26,5",33,44,-,-,-,T3,37,40,NORMAL,RADIANTE FEMME CHAUSSETTES TAILLE Normal T3
CHAUSSETTES,FEMME,RADIANTE,25,"26,5",33,44,-,-,-,T3,41,1000,LONG,RADIANTE FEMME CHAUSSETTES TAILLE Long T3
CHAUSSETTES,FEMME,RADIANTE,27,"30,5",37,48,-,-,-,T4,0,36,COURT,RADIANTE FEMME CHAUSSETTES TAILLE Court T4
CHAUSSETTES,FEMME,RADIANTE,27,"30,5",37,48,-,-,-,T4,37,40,NORMAL,RADIANTE FEMME CHAUSSETTES TAILLE Normal T4
CHAUSSETTES,FEMME,RADIANTE,27,"30,5",37,48,-,-,-,T4,41,1000,LONG,RADIANTE FEMME CHAUSSETTES TAILLE Long T4
CHAUSSETTES,FEMME,RADIANTE,31,34,41,48,-,-,-,T5,0,36,COURT,RADIANTE FEMME CHAUSSETTES TAILLE Court T5
CHAUSSETTES,FEMME,RADIANTE,31,34,41,48,-,-,-,T5,37,40,NORMAL,RADIANTE FEMME CHAUSSETTES TAILLE Normal T5
CHAUSSETTES,FEMME,RADIANTE,31,34,41,48,-,-,-,T5,41,1000,LONG,RADIANTE FEMME CHAUSSETTES TAILLE Long T5
CHAUSSETTES,FEMME,JOBST,15,18,26,31,-,-,-,T0,0,39,NORMAL,JOBST FEMME CHAUSSETTES TAILLE Normal T0
CHAUSSETTES,FEMME,JOBST,15,18,26,31,-,-,-,T0,39,1000,LONG,JOBST FEMME CHAUSSETTES TAILLE Long T0
CHAUSSETTES,FEMME,JOBST,18,20,28,34,-,-,-,T1,0,39,NORMAL,JOBST FEMME CHAUSSETTES TAILLE Normal T1
CHAUSSETTES,FEMME,JOBST,18,20,28,34,-,-,-,T1,39,1000,LONG,JOBST FEMME CHAUSSETTES TAILLE Long T1
CHAUSSETTES,FEMME,JOBST,20,22,30,37,-,-,-,T2,0,39,NORMAL,JOBST FEMME CHAUSSETTES TAILLE Normal T2
CHAUSSETTES,FEMME,JOBST,20,22,30,37,-,-,-,T2,39,1000,LONG,JOBST FEMME CHAUSSETTES TAILLE Long T2
CHAUSSETTES,FEMME,JOBST,22,24,33,40,-,-,-,T3,0,39,NORMAL,JOBST FEMME CHAUSSETTES TAILLE Normal T3
CHAUSSETTES,FEMME,JOBST,22,24,33,40,-,-,-,T3,39,1000,LONG,JOBST FEMME CHAUSSETTES TAILLE Long T3
CHAUSSETTES,FEMME,JOBST,24,26,35,43,-,-,-,T4,0,39,NORMAL,JOBST FEMME CHAUSSETTES TAILLE Normal T4
CHAUSSETTES,FEMME,JOBST,24,26,35,43,-,-,-,T4,39,1000,LONG,JOBST FEMME CHAUSSETTES TAILLE Long T4
CHAUSSETTES,FEMME,JOBST,26,28,37,46,-,-,-,T5,0,39,NORMAL,JOBST FEMME CHAUSSETTES TAILLE Normal T5
CHAUSSETTES,FEMME,JOBST,26,28,37,46,-,-,-,T5,39,1000,LONG,JOBST FEMME CHAUSSETTES TAILLE Long T5
CHAUSSETTES,FEMME,JOBST,26,28,39,49,-,-,-,T6,0,39,NORMAL,JOBST FEMME CHAUSSETTES TAILLE Normal T6
CHAUSSETTES,FEMME,JOBST,26,28,39,49,-,-,-,T6,39,1000,LONG,JOBST FEMME CHAUSSETTES TAILLE Long T6
CHAUSSETTES,FEMME,JOBST,18,20,26,27,-,-,-,T1,0,39,NORMAL,JOBST FEMME CHAUSSETTES TAILLE Normal T1 Morpho-
CHAUSSETTES,FEMME,JOBST,18,20,26,27,-,-,-,T1,39,1000,LONG,JOBST FEMME CHAUSSETTES TAILLE Long T1 Morpho-
CHAUSSETTES,FEMME,JOBST,20,22,28,29,-,-,-,T2,0,39,NORMAL,JOBST FEMME CHAUSSETTES TAILLE Normal T2 Morpho-
CHAUSSETTES,FEMME,JOBST,20,22,28,29,-,-,-,T2,39,1000,LONG,JOBST FEMME CHAUSSETTES TAILLE Long T2 Morpho-
CHAUSSETTES,FEMME,JOBST,22,24,30,32,-,-,-,T3,0,39,NORMAL,JOBST FEMME CHAUSSETTES TAILLE Normal T3 Morpho-
CHAUSSETTES,FEMME,JOBST,22,24,30,32,-,-,-,T3,39,1000,LONG,JOBST FEMME CHAUSSETTES TAILLE Long T3 Morpho-
CHAUSSETTES,FEMME,JOBST,24,26,33,34,-,-,-,T4,0,39,NORMAL,JOBST FEMME CHAUSSETTES TAILLE Normal T4 Morpho-
CHAUSSETTES,FEMME,JOBST,24,26,33,34,-,-,-,T4,39,1000,LONG,JOBST FEMME CHAUSSETTES TAILLE Long T4 Morpho-
CHAUSSETTES,FEMME,JOBST,26,28,35,36,-,-,-,T5,0,39,NORMAL,JOBST FEMME CHAUSSETTES TAILLE Normal T5 Morpho-
CHAUSSETTES,FEMME,JOBST,26,28,35,36,-,-,-,T5,39,1000,LONG,JOBST FEMME CHAUSSETTES TAILLE Long T5 Morpho-
CHAUSSETTES,FEMME,JOBST,26,28,37,38,-,-,-,T6,0,39,NORMAL,JOBST FEMME CHAUSSETTES TAILLE Normal T6 Morpho-
CHAUSSETTES,FEMME,JOBST,26,28,37,38,-,-,-,T6,39,1000,LONG,JOBST FEMME CHAUSSETTES TAILLE Long T6 Morpho-
CHAUSSETTES,FEMME,JOBST,18,20,35,37,-,-,-,T1,0,39,NORMAL,JOBST FEMME CHAUSSETTES TAILLE Normal T1 Morpho-
CHAUSSETTES,FEMME,JOBST,18,20,35,37,-,-,-,T1,39,1000,LONG,JOBST FEMME CHAUSSETTES TAILLE Long T1 Morpho-
CHAUSSETTES,FEMME,JOBST,20,22,38,40,-,-,-,T2,0,39,NORMAL,JOBST FEMME CHAUSSETTES TAILLE Normal T2 Morpho-
CHAUSSETTES,FEMME,JOBST,20,22,38,40,-,-,-,T2,39,1000,LONG,JOBST FEMME CHAUSSETTES TAILLE Long T2 Morpho-
CHAUSSETTES,FEMME,JOBST,22,24,41,43,-,-,-,T3,0,39,NORMAL,JOBST FEMME CHAUSSETTES TAILLE Normal T3 Morpho-
CHAUSSETTES,FEMME,JOBST,22,24,41,43,-,-,-,T3,39,1000,LONG,JOBST FEMME CHAUSSETTES TAILLE Long T3 Morpho-
CHAUSSETTES,FEMME,JOBST,24,26,44,46,-,-,-,T4,0,39,NORMAL,JOBST FEMME CHAUSSETTES TAILLE Normal T4 Morpho-
CHAUSSETTES,FEMME,JOBST,24,26,44,46,-,-,-,T4,39,1000,LONG,JOBST FEMME CHAUSSETTES TAILLE Long T4 Morpho-
CHAUSSETTES,FEMME,JOBST,26,28,47,49,-,-,-,T5,0,39,NORMAL,JOBST FEMME CHAUSSETTES TAILLE Normal T5 Morpho-
CHAUSSETTES,FEMME,JOBST,26,28,47,49,-,-,-,T5,39,1000,LONG,JOBST FEMME CHAUSSETTES TAILLE Long T5 Morpho-
CHAUSSETTES,FEMME,JOBST,26,28,50,52,-,-,-,T6,0,39,NORMAL,JOBST FEMME CHAUSSETTES TAILLE Normal T6 Morpho-
CHAUSSETTES,FEMME,JOBST,26,28,50,52,-,-,-,T6,39,1000,LONG,JOBST FEMME CHAUSSETTES TAILLE Long T6 Morpho-
CHAUSSETTES,FEMME,THUASNE,16,19,28,33,-,-,-,T0,0,40,NORMAL,THUASNE FEMME CHAUSSETTES TAILLE Normal T0
CHAUSSETTES,FEMME,THUASNE,16,19,28,33,-,-,-,T0,40,1000,LONG,THUASNE FEMME CHAUSSETTES TAILLE Long T0
CHAUSSETTES,FEMME,THUASNE,19,21,30,35,-,-,-,T1,0,40,NORMAL,THUASNE FEMME CHAUSSETTES TAILLE Normal T1
CHAUSSETTES,FEMME,THUASNE,19,21,30,35,-,-,-,T1,40,1000,LONG,THUASNE FEMME CHAUSSETTES TAILLE Long T1
CHAUSSETTES,FEMME,THUASNE,21,24,32,38,-,-,-,T2,0,40,NORMAL,THUASNE FEMME CHAUSSETTES TAILLE Normal T2
CHAUSSETTES,FEMME,THUASNE,21,24,32,38,-,-,-,T2,40,1000,LONG,THUASNE FEMME CHAUSSETTES TAILLE Long T2
CHAUSSETTES,FEMME,THUASNE,24,26,34,42,-,-,-,T3,0,40,NORMAL,THUASNE FEMME CHAUSSETTES TAILLE Normal T3
CHAUSSETTES,FEMME,THUASNE,24,26,34,42,-,-,-,T3,40,1000,LONG,THUASNE FEMME CHAUSSETTES TAILLE Long T3
CHAUSSETTES,FEMME,THUASNE,26,29,37,46,-,-,-,T4,0,40,NORMAL,THUASNE FEMME CHAUSSETTES TAILLE Normal T4
CHAUSSETTES,FEMME,THUASNE,26,29,37,46,-,-,-,T4,40,1000,LONG,THUASNE FEMME CHAUSSETTES TAILLE Long T4
CHAUSSETTES,FEMME,THUASNE,29,31,43,49,-,-,-,T5,0,40,NORMAL,THUASNE FEMME CHAUSSETTES TAILLE Normal T5
CHAUSSETTES,FEMME,THUASNE,29,31,43,49,-,-,-,T5,40,1000,LONG,THUASNE FEMME CHAUSSETTES TAILLE Long T5
CHAUSSETTES,FEMME,THUASNE,16,19,21,28,-,-,-,T0,0,40,NORMAL,THUASNE FEMME CHAUSSETTES TAILLE Normal T0 Morpho-
CHAUSSETTES,FEMME,THUASNE,16,19,21,28,-,-,-,T0,40,1000,LONG,THUASNE FEMME CHAUSSETTES TAILLE Long T0 Morpho-
CHAUSSETTES,FEMME,THUASNE,19,21,23,30,-,-,-,T1,0,40,NORMAL,THUASNE FEMME CHAUSSETTES TAILLE Normal T1 Morpho-
CHAUSSETTES,FEMME,THUASNE,19,21,23,30,-,-,-,T1,40,1000,LONG,THUASNE FEMME CHAUSSETTES TAILLE Long T1 Morpho-
CHAUSSETTES,FEMME,THUASNE,21,24,26,32,-,-,-,T2,0,40,NORMAL,THUASNE FEMME CHAUSSETTES TAILLE Normal T2 Morpho-
CHAUSSETTES,FEMME,THUASNE,21,24,26,32,-,-,-,T2,40,1000,LONG,THUASNE FEMME CHAUSSETTES TAILLE Long T2 Morpho-
CHAUSSETTES,FEMME,THUASNE,24,26,29,34,-,-,-,T3,0,40,NORMAL,THUASNE FEMME CHAUSSETTES TAILLE Normal T3 Morpho-
CHAUSSETTES,FEMME,THUASNE,24,26,29,34,-,-,-,T3,40,1000,LONG,THUASNE FEMME CHAUSSETTES TAILLE Long T3 Morpho-
CHAUSSETTES,FEMME,THUASNE,26,29,32,37,-,-,-,T4,0,40,NORMAL,THUASNE FEMME CHAUSSETTES TAILLE Normal T4 Morpho-
CHAUSSETTES,FEMME,THUASNE,26,29,32,37,-,-,-,T4,40,1000,LONG,THUASNE FEMME CHAUSSETTES TAILLE Long T4 Morpho-
CHAUSSETTES,FEMME,THUASNE,29,31,36,43,-,-,-,T5,0,40,NORMAL,THUASNE FEMME CHAUSSETTES TAILLE Normal T5 Morpho-
CHAUSSETTES,FEMME,THUASNE,29,31,36,43,-,-,-,T5,40,1000,LONG,THUASNE FEMME CHAUSSETTES TAILLE Long T5 Morpho-
CHAUSSETTES,FEMME,THUASNE,16,19,33,42,-,-,-,T0,0,40,NORMAL,THUASNE FEMME CHAUSSETTES TAILLE Normal T0 Morpho+
CHAUSSETTES,FEMME,THUASNE,16,19,33,42,-,-,-,T0,40,1000,LONG,THUASNE FEMME CHAUSSETTES TAILLE Long T0 Morpho+
CHAUSSETTES,FEMME,THUASNE,19,21,35,46,-,-,-,T1,0,40,NORMAL,THUASNE FEMME CHAUSSETTES TAILLE Normal T1 Morpho+
CHAUSSETTES,FEMME,THUASNE,19,21,35,46,-,-,-,T1,40,1000,LONG,THUASNE FEMME CHAUSSETTES TAILLE Long T1 Morpho+
CHAUSSETTES,FEMME,THUASNE,21,24,38,48,-,-,-,T2,0,40,NORMAL,THUASNE FEMME CHAUSSETTES TAILLE Normal T2 Morpho+
CHAUSSETTES,FEMME,THUASNE,21,24,38,48,-,-,-,T2,40,1000,LONG,THUASNE FEMME CHAUSSETTES TAILLE Long T2 Morpho+
CHAUSSETTES,FEMME,THUASNE,24,26,42,52,-,-,-,T3,0,40,NORMAL,THUASNE FEMME CHAUSSETTES TAILLE Normal T3 Morpho+
CHAUSSETTES,FEMME,THUASNE,24,26,42,52,-,-,-,T3,40,1000,LONG,THUASNE FEMME CHAUSSETTES TAILLE Long T3 Morpho+
CHAUSSETTES,FEMME,THUASNE,26,29,46,54,-,-,-,T4,0,40,NORMAL,THUASNE FEMME CHAUSSETTES TAILLE Normal T4 Morpho+
CHAUSSETTES,FEMME,THUASNE,26,29,46,54,-,-,-,T4,40,1000,LONG,THUASNE FEMME CHAUSSETTES TAILLE Long T4 Morpho+
CHAUSSETTES,FEMME,THUASNE,29,31,49,56,-,-,-,T5,0,40,NORMAL,THUASNE FEMME CHAUSSETTES TAILLE Normal T5 Morpho+
CHAUSSETTES,FEMME,THUASNE,29,31,49,56,-,-,-,T5,40,1000,LONG,THUASNE FEMME CHAUSSETTES TAILLE Long T5 Morpho+
CHAUSSETTES,HOMME,RADIANTE,18,"21,5",29,36,-,-,-,T1,0,36,COURT,JOBST HOMME CHAUSSETTES TAILLE Court T1
CHAUSSETTES,HOMME,RADIANTE,18,"21,5",29,36,-,-,-,T1,37,40,MOYEN,JOBST HOMME CHAUSSETTES TAILLE Moyen T1
CHAUSSETTES,HOMME,RADIANTE,18,"21,5",29,36,-,-,-,T1,41,1000,LONG,JOBST HOMME CHAUSSETTES TAILLE Long T1
CHAUSSETTES,HOMME,RADIANTE,22,"24,5",29,40,-,-,-,T2,0,36,COURT,JOBST HOMME CHAUSSETTES TAILLE Court T2
CHAUSSETTES,HOMME,RADIANTE,22,"24,5",29,40,-,-,-,T2,37,40,MOYEN,JOBST HOMME CHAUSSETTES TAILLE Moyen T2
CHAUSSETTES,HOMME,RADIANTE,22,"24,5",29,40,-,-,-,T2,41,1000,LONG,JOBST HOMME CHAUSSETTES TAILLE Long T2
CHAUSSETTES,HOMME,RADIANTE,25,"26,5",33,44,-,-,-,T3,0,36,COURT,JOBST HOMME CHAUSSETTES TAILLE Court T3
CHAUSSETTES,HOMME,RADIANTE,25,"26,5",33,44,-,-,-,T3,37,40,MOYEN,JOBST HOMME CHAUSSETTES TAILLE Moyen T3
CHAUSSETTES,HOMME,RADIANTE,25,"26,5",33,44,-,-,-,T3,41,1000,LONG,"JOBST HOMME CHAUSSETTES TAILLE Long T3,"
CHAUSSETTES,HOMME,RADIANTE,27,"30,5",37,48,-,-,-,T4,0,36,COURT,JOBST HOMME CHAUSSETTES TAILLE Court T4
CHAUSSETTES,HOMME,RADIANTE,27,"30,5",37,48,-,-,-,T4,37,40,MOYEN,JOBST HOMME CHAUSSETTES TAILLE Moyen T4
CHAUSSETTES,HOMME,RADIANTE,27,"30,5",37,48,-,-,-,T4,41,1000,LONG,JOBST HOMME CHAUSSETTES TAILLE Long T4
CHAUSSETTES,HOMME,RADIANTE,31,34,41,48,-,-,-,T5,0,36,COURT,JOBST HOMME CHAUSSETTES TAILLE Court T5
CHAUSSETTES,HOMME,RADIANTE,31,34,41,48,-,-,-,T5,37,40,MOYEN,JOBST HOMME CHAUSSETTES TAILLE Moyen T5
CHAUSSETTES,HOMME,RADIANTE,31,34,41,48,-,-,-,T5,41,1000,LONG,JOBST HOMME CHAUSSETTES TAILLE Long T5
CHAUSSETTES,HOMME,RADIANTE,18,"21,5",37,40,-,-,-,T1,0,36,COURT,JOBST HOMME CHAUSSETTES TAILLE Court T1 Morpho+
CHAUSSETTES,HOMME,RADIANTE,18,"21,5",37,40,-,-,-,T1,37,40,MOYEN,JOBST HOMME CHAUSSETTES TAILLE Moyen T1 Mopho+
CHAUSSETTES,HOMME,RADIANTE,18,"21,5",37,40,-,-,-,T1,41,1000,LONG,JOBST HOMME CHAUSSETTES TAILLE Long T1 Mopho+
CHAUSSETTES,HOMME,RADIANTE,22,"24,5",41,44,-,-,-,T2,0,36,COURT,JOBST HOMME CHAUSSETTES TAILLE Court T2 Mopho+
CHAUSSETTES,HOMME,RADIANTE,22,"24,5",41,44,-,-,-,T2,37,40,MOYEN,JOBST HOMME CHAUSSETTES TAILLE Moyen T2 Mopho+
CHAUSSETTES,HOMME,RADIANTE,22,"24,5",41,44,-,-,-,T2,41,1000,LONG,JOBST HOMME CHAUSSETTES  TAILLE Long T2 Mopho+
CHAUSSETTES,HOMME,RADIANTE,25,"26,5",45,48,-,-,-,T3,0,36,COURT,JOBST HOMME CHAUSSETTES  TAILLE Court T3 Mopho+
CHAUSSETTES,HOMME,RADIANTE,25,"26,5",45,48,-,-,-,T3,37,40,MOYEN,JOBST HOMME CHAUSSETTES TAILLE Moyen T3 Mopho+
CHAUSSETTES,HOMME,RADIANTE,25,"26,5",45,48,-,-,-,T3,41,1000,LONG,JOBST HOMME CHAUSSETTES TAILLE Long T3 Mopho+
CHAUSSETTES,HOMME,RADIANTE,27,"30,5",49,49,-,-,-,T4,0,36,COURT,JOBST HOMME CHAUSSETTES TAILLE Court T4 Mopho+
CHAUSSETTES,HOMME,RADIANTE,27,"30,5",49,49,-,-,-,T4,37,40,MOYEN,JOBST HOMME CHAUSSETTES TAILLE Moyen T4 Mopho+
CHAUSSETTES,HOMME,RADIANTE,27,"30,5",49,49,-,-,-,T4,41,1000,LONG,JOBST HOMME CHAUSSETTES TAILLE Long T4 Mopho+
CHAUSSETTES,HOMME,RADIANTE,31,34,49,49,-,-,-,T5,0,36,COURT,JOBST HOMME CHAUSSETTES TAILLE Court T5 Mopho+
CHAUSSETTES,HOMME,RADIANTE,31,34,49,49,-,-,-,T5,37,40,MOYEN,JOBST HOMME CHAUSSETTES TAILLE Moyen T5 Mopho+
CHAUSSETTES,HOMME,RADIANTE,31,34,49,49,-,-,-,T5,41,1000,LONG,JOBST HOMME CHAUSSETTES TAILLE Long T5 Mopho+
CHAUSSETTES,HOMME,JOBST,18,20,28,34,-,-,-,T1,0,39,NORMAL,JOBST HOMME CHAUSSETTES TAILLE Normal T1
CHAUSSETTES,HOMME,JOBST,18,20,28,34,-,-,-,T1,39,1000,LONG,JOBST HOMME CHAUSSETTES TAILLE Long T1
CHAUSSETTES,HOMME,JOBST,20,22,30,37,-,-,-,T2,0,39,NORMAL,JOBST HOMME CHAUSSETTES TAILLE Normal T2
CHAUSSETTES,HOMME,JOBST,20,22,30,37,-,-,-,T2,39,1000,LONG,JOBST HOMME CHAUSSETTES TAILLE Long T2
CHAUSSETTES,HOMME,JOBST,22,24,33,40,-,-,-,T3,0,39,NORMAL,JOBST HOMME CHAUSSETTES TAILLE Normal T3
CHAUSSETTES,HOMME,JOBST,22,24,33,40,-,-,-,T3,39,1000,LONG,JOBST HOMME CHAUSSETTES TAILLE Long T3
CHAUSSETTES,HOMME,JOBST,24,26,35,43,-,-,-,T4,0,39,NORMAL,JOBST HOMME CHAUSSETTES TAILLE Normal T4
CHAUSSETTES,HOMME,JOBST,24,26,35,43,-,-,-,T4,39,1000,LONG,JOBST HOMME CHAUSSETTES TAILLE Long T4
CHAUSSETTES,HOMME,JOBST,26,28,37,46,-,-,-,T5,0,39,NORMAL,JOBST HOMME CHAUSSETTES TAILLE Normal T5
CHAUSSETTES,HOMME,JOBST,26,28,37,46,-,-,-,T5,39,1000,LONG,JOBST HOMME CHAUSSETTES TAILLE Long T5
CHAUSSETTES,HOMME,JOBST,28,30,39,49,-,-,-,T6,0,39,NORMAL,JOBST HOMME CHAUSSETTES TAILLE Normal T6
CHAUSSETTES,HOMME,JOBST,28,30,39,49,-,-,-,T6,39,1000,LONG,JOBST HOMME CHAUSSETTES TAILLE Long T6
CHAUSSETTES,HOMME,SIGVARIS,17,19,28,35,-,-,-,XS,0,42,NORMAL,SIGVARIS HOMME JOBST CHAUSSETTES TAILLE Normal XS
CHAUSSETTES,HOMME,SIGVARIS,17,19,28,35,-,-,-,XS,42,1000,LONG,SIGVARIS HOMME JOBST CHAUSSETTES TAILLE Long XS
CHAUSSETTES,HOMME,SIGVARIS,19,22,31,38,-,-,-,S,0,42,NORMAL,SIGVARIS HOMME JOBST CHAUSSETTES TAILLE Normal S
CHAUSSETTES,HOMME,SIGVARIS,19,22,31,38,-,-,-,S,42,1000,LONG,SIGVARIS HOMME JOBST CHAUSSETTES TAILLE Long S
CHAUSSETTES,HOMME,SIGVARIS,22,24,34,41,-,-,-,M,0,42,NORMAL,SIGVARIS HOMME JOBST CHAUSSETTES TAILLE Normal M
CHAUSSETTES,HOMME,SIGVARIS,22,24,34,41,-,-,-,M,42,1000,LONG,SIGVARIS HOMME JOBST CHAUSSETTES TAILLE Long M
CHAUSSETTES,HOMME,SIGVARIS,24,26,36,43,-,-,-,L,0,42,NORMAL,SIGVARIS HOMME JOBST CHAUSSETTES TAILLE Normal L
CHAUSSETTES,HOMME,SIGVARIS,24,26,36,43,-,-,-,L,42,1000,LONG,SIGVARIS HOMME JOBST CHAUSSETTES TAILLE Long L
CHAUSSETTES,HOMME,SIGVARIS,26,29,39,46,-,-,-,XL,0,42,NORMAL,SIGVARIS HOMME JOBST CHAUSSETTES TAILLE Normal XL
CHAUSSETTES,HOMME,SIGVARIS,26,29,39,46,-,-,-,XL,42,1000,LONG,SIGVARIS HOMME JOBST CHAUSSETTES TAILLE Long XL
CHAUSSETTES,HOMME,SIGVARIS,29,32,42,49,-,-,-,XXL,0,42,NORMAL,SIGVARIS HOMME JOBST CHAUSSETTES TAILLE Normal XXL
CHAUSSETTES,HOMME,SIGVARIS,29,32,42,49,-,-,-,XXL,42,1000,LONG,SIGVARIS HOMME JOBST CHAUSSETTES TAILLE Long XXL
CHAUSSETTES,HOMME,SIGVARIS,17,19,21,28,-,-,-,XS,0,42,NORMAL,SIGVARIS HOMME JOBST CHAUSSETTES TAILLE Normal XS Morpho-
CHAUSSETTES,HOMME,SIGVARIS,17,19,21,28,-,-,-,XS,42,1000,LONG,SIGVARIS HOMME JOBST CHAUSSETTES TAILLE Long XS Morpho-
CHAUSSETTES,HOMME,SIGVARIS,19,22,24,31,-,-,-,S,0,42,NORMAL,SIGVARIS HOMME JOBST CHAUSSETTES TAILLE Normal S Morpho-
CHAUSSETTES,HOMME,SIGVARIS,19,22,24,31,-,-,-,S,42,1000,LONG,SIGVARIS HOMME JOBST CHAUSSETTES TAILLE Long S Morpho-
CHAUSSETTES,HOMME,SIGVARIS,22,24,27,34,-,-,-,M,0,42,NORMAL,SIGVARIS HOMME JOBST CHAUSSETTES TAILLE Normal M Morpho-
CHAUSSETTES,HOMME,SIGVARIS,22,24,27,34,-,-,-,M,42,1000,LONG,SIGVARIS HOMME JOBST CHAUSSETTES TAILLE Long M Morpho-
CHAUSSETTES,HOMME,SIGVARIS,24,26,29,36,-,-,-,L,0,42,NORMAL,SIGVARIS HOMME JOBST CHAUSSETTES TAILLE Normal L Morpho-
CHAUSSETTES,HOMME,SIGVARIS,24,26,29,36,-,-,-,L,42,1000,LONG,SIGVARIS HOMME JOBST CHAUSSETTES TAILLE Long L Morpho-
CHAUSSETTES,HOMME,SIGVARIS,26,29,32,39,-,-,-,XL,0,42,NORMAL,SIGVARIS HOMME JOBST CHAUSSETTES TAILLE Normal XL Morpho-
CHAUSSETTES,HOMME,SIGVARIS,26,29,32,39,-,-,-,XL,42,1000,LONG,SIGVARIS HOMME JOBST CHAUSSETTES TAILLE Long XL Morpho-
CHAUSSETTES,HOMME,SIGVARIS,19,22,38,45,-,-,-,S,0,42,NORMAL,SIGVARIS HOMME JOBST CHAUSSETTES TAILLE Normal S Morpho+
CHAUSSETTES,HOMME,SIGVARIS,19,22,38,45,-,-,-,S,42,1000,LONG,SIGVARIS HOMME JOBST CHAUSSETTES TAILLE Long S Morpho+
CHAUSSETTES,HOMME,SIGVARIS,22,24,41,48,-,-,-,M,0,42,NORMAL,SIGVARIS HOMME JOBST CHAUSSETTES TAILLE Normal M Morpho+
CHAUSSETTES,HOMME,SIGVARIS,22,24,41,48,-,-,-,M,42,1000,LONG,SIGVARIS HOMME JOBST CHAUSSETTES TAILLE Long M Morpho+
CHAUSSETTES,HOMME,SIGVARIS,24,26,43,50,-,-,-,L,0,42,NORMAL,SIGVARIS HOMME JOBST CHAUSSETTES TAILLE Normal L Morpho+
CHAUSSETTES,HOMME,SIGVARIS,24,26,43,50,-,-,-,L,42,1000,LONG,SIGVARIS HOMME JOBST CHAUSSETTES TAILLE Long L Morpho+
CHAUSSETTES,HOMME,SIGVARIS,26,29,46,53,-,-,-,XL,0,42,NORMAL,SIGVARIS HOMME JOBST CHAUSSETTES TAILLE Normal XL Morpho+
CHAUSSETTES,HOMME,SIGVARIS,26,29,46,53,-,-,-,XL,42,1000,LONG,SIGVARIS HOMME JOBST CHAUSSETTES TAILLE Long XL Morpho+
CHAUSSETTES,HOMME,SIGVARIS,29,32,49,56,-,-,-,XXL,0,42,NORMAL,SIGVARIS HOMME JOBST CHAUSSETTES TAILLE Normal XXL Morpho+
CHAUSSETTES,HOMME,SIGVARIS,29,32,49,56,-,-,-,XXL,42,1000,LONG,SIGVARIS HOMME JOBST CHAUSSETTES TAILLE Long XXL Morpho+
CHAUSSETTES,HOMME,DYNAVEN,19,22,32,39,-,-,-,S,0,42,NORMAL,DYNAVEN HOMME CHAUSSETTES TAILLE Normal S
CHAUSSETTES,HOMME,DYNAVEN,19,22,32,39,-,-,-,S,42,1000,LONG,DYNAVEN HOMME CHAUSSETTES TAILLE Long S
CHAUSSETTES,HOMME,DYNAVEN,22,24,35,42,-,-,-,M,0,42,NORMAL,DYNAVEN HOMME CHAUSSETTES TAILLE Normal M
CHAUSSETTES,HOMME,DYNAVEN,22,24,35,42,-,-,-,M,42,1000,LONG,DYNAVEN HOMME CHAUSSETTES TAILLE Long M
CHAUSSETTES,HOMME,DYNAVEN,24,26,38,45,-,-,-,L,0,42,NORMAL,DYNAVEN HOMME CHAUSSETTES TAILLE Normal L
CHAUSSETTES,HOMME,DYNAVEN,24,26,38,45,-,-,-,L,42,1000,LONG,DYNAVEN HOMME CHAUSSETTES TAILLE Long L
CHAUSSETTES,HOMME,DYNAVEN,26,29,41,48,-,-,-,XL,0,42,NORMAL,DYNAVEN HOMME CHAUSSETTES TAILLE Normal XL
CHAUSSETTES,HOMME,DYNAVEN,26,29,41,48,-,-,-,XL,42,1000,LONG,DYNAVEN HOMME CHAUSSETTES TAILLE Long XL
CHAUSSETTES,HOMME,DYNAVEN,29,32,44,51,-,-,-,XXL,0,42,NORMAL,DYNAVEN HOMME CHAUSSETTES TAILLE Normal XXL
CHAUSSETTES,HOMME,DYNAVEN,29,32,44,51,-,-,-,XXL,42,1000,LONG,DYNAVEN HOMME CHAUSSETTES TAILLE Long XXL
CHAUSSETTES,HOMME,DYNAVEN,19,22,26,32,-,-,-,S,0,42,NORMAL,DYNAVEN HOMME CHAUSSETTES TAILLE Normal S Morpho-
CHAUSSETTES,HOMME,DYNAVEN,19,22,26,32,-,-,-,S,42,1000,LONG,DYNAVEN HOMME CHAUSSETTES TAILLE Long S Morpho-
CHAUSSETTES,HOMME,DYNAVEN,22,24,29,35,-,-,-,M,0,42,NORMAL,DYNAVEN HOMME CHAUSSETTES TAILLE Normal M Morpho-
CHAUSSETTES,HOMME,DYNAVEN,22,24,29,35,-,-,-,M,42,1000,LONG,DYNAVEN HOMME CHAUSSETTES TAILLE Long M Morpho-
CHAUSSETTES,HOMME,DYNAVEN,24,26,32,38,-,-,-,L,0,42,NORMAL,DYNAVEN HOMME CHAUSSETTES TAILLE Normal L Morpho-
CHAUSSETTES,HOMME,DYNAVEN,24,26,32,38,-,-,-,L,42,1000,LONG,DYNAVEN HOMME CHAUSSETTES TAILLE Long L Morpho-
CHAUSSETTES,HOMME,DYNAVEN,26,29,35,41,-,-,-,XL,0,42,NORMAL,DYNAVEN HOMME CHAUSSETTES TAILLE Normal XL Morpho-
CHAUSSETTES,HOMME,DYNAVEN,26,29,35,41,-,-,-,XL,42,1000,LONG,DYNAVEN HOMME CHAUSSETTES TAILLE Long XL Morpho-
CHAUSSETTES,HOMME,ACTYS-LEGGER,19,22,32,39,-,-,-,T1,0,41,NORMAL,ACTYS-LEGGER HOMME CHAUSSETTES TAILLE Normal T1
CHAUSSETTES,HOMME,ACTYS-LEGGER,19,22,32,39,-,-,-,T1,41,1000,LONG,ACTYS-LEGGER HOMME CHAUSSETTES TAILLE Long T1
CHAUSSETTES,HOMME,ACTYS-LEGGER,22,25,33,40,-,-,-,T2,0,41,NORMAL,ACTYS-LEGGER HOMME CHAUSSETTES TAILLE Normal T2
CHAUSSETTES,HOMME,ACTYS-LEGGER,22,25,33,40,-,-,-,T2,41,1000,LONG,ACTYS-LEGGER HOMME CHAUSSETTES TAILLE Long T2
CHAUSSETTES,HOMME,ACTYS-LEGGER,25,28,34,41,-,-,-,T3,0,41,NORMAL,ACTYS-LEGGER HOMME CHAUSSETTES TAILLE Normal T3
CHAUSSETTES,HOMME,ACTYS-LEGGER,25,28,34,41,-,-,-,T3,41,1000,LONG,ACTYS-LEGGER HOMME CHAUSSETTES TAILLE Long T3
CHAUSSETTES,HOMME,ACTYS-LEGGER,28,31,37,44,-,-,-,T4,0,41,NORMAL,ACTYS-LEGGER HOMME CHAUSSETTES TAILLE Normal T4
CHAUSSETTES,HOMME,ACTYS-LEGGER,28,31,37,44,-,-,-,T4,41,1000,LONG,ACTYS-LEGGER HOMME CHAUSSETTES TAILLE Long T4
CHAUSSETTES,HOMME,ACTYS-LEGGER,19,22,39,46,-,-,-,T1,0,41,NORMAL,ACTYS-LEGGER HOMME CHAUSSETTES TAILLE Normal T1 Morpho+
CHAUSSETTES,HOMME,ACTYS-LEGGER,19,22,39,46,-,-,-,T1,41,1000,LONG,ACTYS-LEGGER HOMME CHAUSSETTES TAILLE Long T1 Morpho+
CHAUSSETTES,HOMME,ACTYS-LEGGER,22,25,40,47,-,-,-,T2,0,41,NORMAL,ACTYS-LEGGER HOMME CHAUSSETTES TAILLE Normal T2 Morpho+
CHAUSSETTES,HOMME,ACTYS-LEGGER,22,25,40,47,-,-,-,T2,41,1000,LONG,ACTYS-LEGGER HOMME CHAUSSETTES TAILLE Long T2 Morpho+
CHAUSSETTES,HOMME,ACTYS-LEGGER,25,28,41,48,-,-,-,T3,0,41,NORMAL,ACTYS-LEGGER HOMME CHAUSSETTES TAILLE Normal T3 Morpho+
CHAUSSETTES,HOMME,ACTYS-LEGGER,25,28,41,48,-,-,-,T3,41,1000,LONG,ACTYS-LEGGER HOMME CHAUSSETTES TAILLE Long T3 Morpho+
CHAUSSETTES,HOMME,ACTYS-LEGGER,28,31,44,51,-,-,-,T4,0,41,NORMAL,ACTYS-LEGGER HOMME CHAUSSETTES TAILLE Normal T4 Morpho+
CHAUSSETTES,HOMME,ACTYS-LEGGER,28,31,44,51,-,-,-,T4,41,1000,LONG,ACTYS-LEGGER HOMME CHAUSSETTES TAILLE Long T4 Morpho+
CHAUSSETTES,HOMME,THUASNE,19,21,30,35,-,-,-,T1,0,44,NORMAL,THUASNE HOMME CHAUSSETTES TAILLE Normal T1
CHAUSSETTES,HOMME,THUASNE,19,21,30,35,-,-,-,T1,44,1000,LONG,THUASNE HOMME CHAUSSETTES TAILLE Long T1
CHAUSSETTES,HOMME,THUASNE,21,24,32,38,-,-,-,T2,0,44,NORMAL,THUASNE HOMME CHAUSSETTES TAILLE Normal T2
CHAUSSETTES,HOMME,THUASNE,21,24,32,38,-,-,-,T2,44,1000,LONG,THUASNE HOMME CHAUSSETTES TAILLE Long T2
CHAUSSETTES,HOMME,THUASNE,24,26,34,42,-,-,-,T3,0,44,NORMAL,THUASNE HOMME ME CHAUSSETTES TAILLE Normal T3
CHAUSSETTES,HOMME,THUASNE,24,26,34,42,-,-,-,T3,44,1000,LONG,THUASNE HOMME CHAUSSETTES TAILLE Long T3
CHAUSSETTES,HOMME,THUASNE,26,29,37,46,-,-,-,T4,0,44,NORMAL,THUASNE HOMME CHAUSSETTES TAILLE Normal T4
CHAUSSETTES,HOMME,THUASNE,26,29,37,46,-,-,-,T4,44,1000,LONG,THUASNE HOMME CHAUSSETTES TAILLE Long T4
CHAUSSETTES,HOMME,THUASNE,29,31,43,49,-,-,-,T5,0,44,NORMAL,THUASNE HOMME CHAUSSETTES TAILLE Normal T5
CHAUSSETTES,HOMME,THUASNE,29,31,43,49,-,-,-,T5,44,1000,LONG,THUASNE HOMME CHAUSSETTES TAILLE Long T5
CHAUSSETTES,HOMME,THUASNE,19,21,23,30,-,-,-,T1,0,44,NORMAL,THUASNE HOMME CHAUSSETTES TAILLE Normal T1 Morpho-
CHAUSSETTES,HOMME,THUASNE,19,21,23,30,-,-,-,T1,44,1000,LONG,THUASNE HOMME CHAUSSETTES TAILLE Long T1 Morpho-
CHAUSSETTES,HOMME,THUASNE,21,24,26,32,-,-,-,T2,0,44,NORMAL,THUASNE HOMME CHAUSSETTES TAILLE Normal T2 Morpho-
CHAUSSETTES,HOMME,THUASNE,21,24,26,32,-,-,-,T2,44,1000,LONG,THUASNE HOMME CHAUSSETTES TAILLE Long T2 Morpho-
CHAUSSETTES,HOMME,THUASNE,24,26,29,34,-,-,-,T3,0,44,NORMAL,THUASNE HOMME CHAUSSETTES TAILLE Normal T3 Morpho-
CHAUSSETTES,HOMME,THUASNE,24,26,29,34,-,-,-,T3,44,1000,LONG,THUASNE HOMME CHAUSSETTES TAILLE Long T3 Morpho-
CHAUSSETTES,HOMME,THUASNE,26,29,32,37,-,-,-,T4,0,44,NORMAL,THUASNE HOMME CHAUSSETTES TAILLE Normal T4 Morpho-
CHAUSSETTES,HOMME,THUASNE,26,29,32,37,-,-,-,T4,44,1000,LONG,THUASNE HOMME CHAUSSETTES TAILLE Long T4 Morpho-
CHAUSSETTES,HOMME,THUASNE,29,31,36,43,-,-,-,T5,0,44,NORMAL,THUASNE HOMME CHAUSSETTES TAILLE Normal T5 Morpho-
CHAUSSETTES,HOMME,THUASNE,29,31,36,43,-,-,-,T5,44,1000,LONG,THUASNE HOMME CHAUSSETTES TAILLE Long T5 Morpho-
CHAUSSETTES,HOMME,THUASNE,19,21,35,46,-,-,-,T1,0,44,NORMAL,THUASNE HOMME CHAUSSETTES TAILLE Normal T1 Morpho+
CHAUSSETTES,HOMME,THUASNE,19,21,35,46,-,-,-,T1,44,1000,LONG,THUASNE HOMME CHAUSSETTES TAILLE Long T1 Morpho+
CHAUSSETTES,HOMME,THUASNE,21,24,38,48,-,-,-,T2,0,44,NORMAL,THUASNE HOMME CHAUSSETTES TAILLE Normal T2 Morpho+
CHAUSSETTES,HOMME,THUASNE,21,24,38,48,-,-,-,T2,44,1000,LONG,THUASNE HOMME CHAUSSETTES TAILLE Long T2 Morpho+
CHAUSSETTES,HOMME,THUASNE,24,26,42,52,-,-,-,T3,0,44,NORMAL,THUASNE HOMME CHAUSSETTES TAILLE Normal T3 Morpho+
CHAUSSETTES,HOMME,THUASNE,24,26,42,52,-,-,-,T3,44,1000,LONG,THUASNE HOMME CHAUSSETTES TAILLE Long T3 Morpho+
CHAUSSETTES,HOMME,THUASNE,26,29,46,54,-,-,-,T4,0,44,NORMAL,THUASNE HOMME CHAUSSETTES TAILLE Normal T4 Morpho+
CHAUSSETTES,HOMME,THUASNE,26,29,46,54,-,-,-,T4,44,1000,LONG,THUASNE HOMME CHAUSSETTES TAILLE Long T4 Morpho+
CHAUSSETTES,HOMME,THUASNE,29,31,49,56,-,-,-,T5,0,44,NORMAL,THUASNE HOMME CHAUSSETTES TAILLE Normal T5 Morpho+
CHAUSSETTES,HOMME,THUASNE,29,31,49,56,-,-,-,T5,44,1000,LONG,THUASNE HOMME CHAUSSETTES TAILLE Long T5 Morpho+
COLLANT,FEMME,SIGVARIS,19,22,30,38,45,58,100,S,0,75,NORMAL,SIGVARIS FEMME COLLANT TAILLE Normal S
COLLANT,FEMME,SIGVARIS,19,22,30,38,45,58,100,S,75,1000,LONG,SIGVARIS FEMME COLLANT TAILLE Long S
COLLANT,FEMME,SIGVARIS,22,24,33,41,49,62,107,M,0,75,NORMAL,SIGVARIS FEMME COLLANT TAILLE Normal M
COLLANT,FEMME,SIGVARIS,22,24,33,41,49,62,107,M,75,1000,LONG,SIGVARIS FEMME COLLANT TAILLE Long M
COLLANT,FEMME,SIGVARIS,24,26,37,45,54,67,114,L,0,75,NORMAL,SIGVARIS FEMME COLLANT TAILLE Normal L
COLLANT,FEMME,SIGVARIS,24,26,37,45,54,67,114,L,75,1000,LONG,SIGVARIS FEMME COLLANT TAILLE Long L
COLLANT,FEMME,SIGVARIS,26,29,40,48,56,69,121,XL,0,75,NORMAL,SIGVARIS FEMME COLLANT TAILLE Normal XL
COLLANT,FEMME,SIGVARIS,26,29,40,48,56,69,121,XL,75,1000,LONG,SIGVARIS FEMME COLLANT TAILLE Long XL
COLLANT,FEMME,SIGVARIS,19,22,34,42,58,68,100,S,0,75,NORMAL,SIGVARIS FEMME COLLANT TAILLE Normal S Morpho +
COLLANT,FEMME,SIGVARIS,19,22,34,42,58,68,100,S,75,1000,LONG,SIGVARIS FEMME COLLANT TAILLE Long S Morpho +
COLLANT,FEMME,SIGVARIS,22,24,37,45,62,72,107,M,0,75,NORMAL,SIGVARIS FEMME COLLANT TAILLE Normal M Morpho +
COLLANT,FEMME,SIGVARIS,22,24,37,45,62,72,107,M,75,1000,LONG,SIGVARIS FEMME COLLANT TAILLE Long M Morpho +
COLLANT,FEMME,SIGVARIS,24,26,41,49,67,77,114,L,0,75,NORMAL,SIGVARIS FEMME COLLANT TAILLE Normal L Morpho +
COLLANT,FEMME,SIGVARIS,24,26,41,49,67,77,114,L,75,1000,LONG,SIGVARIS FEMME COLLANT TAILLE Long L Morpho +
COLLANT,FEMME,SIGVARIS,26,29,44,52,69,79,121,XL,0,75,NORMAL,SIGVARIS FEMME COLLANT TAILLE Normal XL Morpho +
COLLANT,FEMME,SIGVARIS,26,29,44,52,69,79,121,XL,75,1000,LONG,SIGVARIS FEMME COLLANT TAILLE Long XL Morpho +
COLLANT,FEMME,DYNAVEN,19,22,32,38,47,61,105,S,0,75,NORMAL,DYNAVEN FEMME COLLANT TAILLE Normal S
COLLANT,FEMME,DYNAVEN,19,22,32,38,47,61,105,S,75,1000,LONG,DYNAVEN FEMME COLLANT TAILLE Long S
COLLANT,FEMME,DYNAVEN,22,24,35,41,50,64,115,M,0,75,NORMAL,DYNAVEN FEMME COLLANT TAILLE Normal M
COLLANT,FEMME,DYNAVEN,22,24,35,41,50,64,115,M,75,1000,LONG,DYNAVEN FEMME COLLANT TAILLE Long M
COLLANT,FEMME,DYNAVEN,24,26,38,44,53,68,125,L,0,75,NORMAL,DYNAVEN FEMME COLLANT TAILLE Normal L
COLLANT,FEMME,DYNAVEN,24,26,38,44,53,68,125,L,75,1000,LONG,DYNAVEN FEMME COLLANT TAILLE Long L
COLLANT,FEMME,DYNAVEN,26,29,41,47,55,70,125,XL,0,75,NORMAL,DYNAVEN FEMME COLLANT TAILLE Normal XL
COLLANT,FEMME,DYNAVEN,26,29,41,47,55,70,125,XL,75,1000,LONG,DYNAVEN FEMME COLLANT TAILLE Long XL
COLLANT,FEMME,ACTYS-LEGGER,18,"21,5",30,37,44,58,-,T1,0,72,NORMAL,ACTYS-LEGGER FEMME COLLANT TAILLE Normal T1
COLLANT,FEMME,ACTYS-LEGGER,18,"21,5",30,37,44,58,-,T1,72,1000,LONG,ACTYS-LEGGER FEMME COLLANT TAILLE Long T1
COLLANT,FEMME,ACTYS-LEGGER,"21,5","23,5",34,40,50,64,-,T2,0,72,NORMAL,ACTYS-LEGGER FEMME COLLANT TAILLE Normal T2
COLLANT,FEMME,ACTYS-LEGGER,"21,5","23,5",34,40,50,64,-,T2,72,1000,LONG,ACTYS-LEGGER FEMME COLLANT TAILLE Long T2
COLLANT,FEMME,ACTYS-LEGGER,"23,5","25,5",37,45,54,68,-,T3,0,72,NORMAL,ACTYS-LEGGER FEMME COLLANT TAILLE Normal T3
COLLANT,FEMME,ACTYS-LEGGER,"23,5","25,5",37,45,54,68,-,T3,72,1000,LONG,ACTYS-LEGGER FEMME COLLANT TAILLE Long T3
COLLANT,FEMME,ACTYS-LEGGER,"25,5",29,40,47,58,72,-,T4,0,72,NORMAL,ACTYS-LEGGER FEMME COLLANT TAILLE Normal T4
COLLANT,FEMME,ACTYS-LEGGER,"25,5",29,40,47,58,72,-,T4,72,1000,LONG,ACTYS-LEGGER FEMME COLLANT TAILLE Long T4
COLLANT,FEMME,SMARTLEG,16,19,28,36,43,57,120,T0,"69,1",77,NORMAL,SMARTLEG FEMME COLLANT TAILLE Normal T0
COLLANT,FEMME,SMARTLEG,16,19,28,36,43,57,120,T0,0,69,COURT,SMARTLEG FEMME COLLANT TAILLE Court T0
COLLANT,FEMME,SMARTLEG,16,19,28,36,43,57,120,T0,77,1000,LONG,SMARTLEG FEMME COLLANT TAILLE Long T0
COLLANT,FEMME,SMARTLEG,19,22,26,34,40,54,110,T1,"69,1",77,NORMAL,SMARTLEG FEMME COLLANT TAILLE Normal T1
COLLANT,FEMME,SMARTLEG,19,22,26,34,40,54,110,T1,0,69,COURT,SMARTLEG FEMME COLLANT TAILLE Court T1
COLLANT,FEMME,SMARTLEG,19,22,26,34,40,54,110,T1,77,1000,LONG,SMARTLEG FEMME COLLANT TAILLE Long T1
COLLANT,FEMME,SMARTLEG,22,25,30,38,45,59,120,T2,"69,1",77,NORMAL,SMARTLEG FEMME COLLANT TAILLE Normal T2
COLLANT,FEMME,SMARTLEG,22,25,30,38,45,59,120,T2,0,69,COURT,SMARTLEG FEMME COLLANT TAILLE Court T2
COLLANT,FEMME,SMARTLEG,22,25,30,38,45,59,120,T2,77,1000,LONG,SMARTLEG FEMME COLLANT TAILLE Long T2
COLLANT,FEMME,SMARTLEG,25,28,34,42,51,65,130,T3,"69,1",77,NORMAL,SMARTLEG FEMME COLLANT TAILLE Normal T3
COLLANT,FEMME,SMARTLEG,25,28,34,42,51,65,130,T3,0,69,COURT,SMARTLEG FEMME COLLANT TAILLE Court T3
COLLANT,FEMME,SMARTLEG,25,28,34,42,51,65,130,T3,77,1000,LONG,SMARTLEG FEMME COLLANT TAILLE Long T3
COLLANT,FEMME,SMARTLEG,28,31,40,48,60,74,150,T4,"69,1",77,NORMAL,SMARTLEG FEMME COLLANT TAILLE Normal T4
COLLANT,FEMME,SMARTLEG,28,31,40,48,60,74,150,T4,0,69,COURT,SMARTLEG FEMME COLLANT TAILLE Court T4
COLLANT,FEMME,SMARTLEG,28,31,40,48,60,74,150,T4,77,1000,LONG,SMARTLEG FEMME COLLANT TAILLE Long T4
COLLANT,FEMME,SMARTLEG,19,22,34,42,54,66,130,T1,"69,1",77,NORMAL,SMARTLEG FEMME COLLANT TAILLE Normal T1 Morpho+
COLLANT,FEMME,SMARTLEG,19,22,34,42,54,66,130,T1,0,69,COURT,SMARTLEG FEMME COLLANT TAILLE Court T1 Morpho+
COLLANT,FEMME,SMARTLEG,19,22,34,42,54,66,130,T1,77,1000,LONG,SMARTLEG FEMME COLLANT TAILLE Long T1 Morpho+
COLLANT,FEMME,SMARTLEG,22,25,38,46,59,71,135,T2,"69,1",77,NORMAL,SMARTLEG FEMME COLLANT TAILLE Normal T2 Morpho+
COLLANT,FEMME,SMARTLEG,22,25,38,46,59,71,135,T2,0,69,COURT,SMARTLEG FEMME COLLANT TAILLE Court T2 Morpho+
COLLANT,FEMME,SMARTLEG,22,25,38,46,59,71,135,T2,77,1000,LONG,SMARTLEG FEMME COLLANT TAILLE Long T2 Morpho+
COLLANT,FEMME,SMARTLEG,25,28,42,50,65,77,155,T3,"69,1",77,NORMAL,SMARTLEG FEMME COLLANT TAILLE Normal T3 Morpho+
COLLANT,FEMME,SMARTLEG,25,28,42,50,65,77,155,T3,0,69,COURT,SMARTLEG FEMME COLLANT TAILLE Court T3 Morpho+
COLLANT,FEMME,SMARTLEG,25,28,42,50,65,77,155,T3,77,1000,LONG,SMARTLEG FEMME COLLANT TAILLE Long T3 Morpho+
COLLANT,FEMME,RADIANTE,18,"21,5",26,36,44,53,120,T1,0,64,COURT,RADIANTE FEMME COLLANT TAILLE Court T1
COLLANT,FEMME,RADIANTE,18,"21,5",26,36,44,53,120,T1,69,78,NORMAL,RADIANTE FEMME COLLANT TAILLE Normal T1
COLLANT,FEMME,RADIANTE,18,"21,5",26,36,44,53,120,T1,86,1000,LONG,RADIANTE FEMME COLLANT TAILLE Long T1
COLLANT,FEMME,RADIANTE,22,"24,5",29,40,47,58,120,T2,0,64,COURT,RADIANTE FEMME COLLANT TAILLE Court T2
COLLANT,FEMME,RADIANTE,22,"24,5",29,40,47,58,120,T2,69,78,NORMAL,RADIANTE FEMME COLLANT TAILLE Normal T2
COLLANT,FEMME,RADIANTE,22,"24,5",29,40,47,58,120,T2,86,1000,LONG,RADIANTE FEMME COLLANT TAILLE Long T2
COLLANT,FEMME,RADIANTE,25,"26,5",33,44,52,63,140,T3,0,64,COURT,RADIANTE FEMME COLLANT TAILLE Court T3
COLLANT,FEMME,RADIANTE,25,"26,5",33,44,52,63,140,T3,69,78,NORMAL,RADIANTE FEMME COLLANT TAILLE Normal T3
COLLANT,FEMME,RADIANTE,25,"26,5",33,44,52,63,140,T3,86,1000,LONG,RADIANTE FEMME COLLANT TAILLE Long T3
COLLANT,FEMME,RADIANTE,27,"30,5",37,48,57,68,140,T4,0,64,COURT,RADIANTE FEMME COLLANT TAILLE Court T4
COLLANT,FEMME,RADIANTE,27,"30,5",37,48,57,68,140,T4,69,78,NORMAL,RADIANTE FEMME COLLANT TAILLE Normal T4
COLLANT,FEMME,RADIANTE,27,"30,5",37,48,57,68,140,T4,86,1000,LONG,RADIANTE FEMME COLLANT TAILLE Long T4
COLLANT,FEMME,RADIANTE,31,34,41,48,63,70,140,T5,0,64,COURT,RADIANTE FEMME COLLANT TAILLE Court T5
COLLANT,FEMME,RADIANTE,31,34,41,48,63,70,140,T5,69,78,NORMAL,RADIANTE FEMME COLLANT TAILLE Normal T5
COLLANT,FEMME,RADIANTE,31,34,41,48,63,70,140,T5,86,1000,LONG,RADIANTE FEMME COLLANT TAILLE Long T5
COLLANT,FEMME,RADIANTE,18,"21,5",18,"21,5",41,43,120,T1,0,64,COURT,RADIANTE FEMME COLLANT TAILLE Court T1 Morpho-
COLLANT,FEMME,RADIANTE,18,"21,5",18,"21,5",41,43,120,T1,69,78,NORMAL,RADIANTE FEMME COLLANT TAILLE Normal T1 Morpho-
COLLANT,FEMME,RADIANTE,18,"21,5",18,"21,5",41,43,120,T1,86,1000,LONG,RADIANTE FEMME COLLANT TAILLE Long T1 Morpho-
COLLANT,FEMME,RADIANTE,22,"24,5",22,"24,5",43,58,120,T2,0,64,COURT,RADIANTE FEMME COLLANT TAILLE Court T2 Morpho-
COLLANT,FEMME,RADIANTE,22,"24,5",22,"24,5",43,58,120,T2,69,78,NORMAL,RADIANTE FEMME COLLANT TAILLE Normal T2 Morpho-
COLLANT,FEMME,RADIANTE,22,"24,5",22,"24,5",43,58,120,T2,86,1000,LONG,RADIANTE FEMME COLLANT TAILLE Long T2 Morpho-
COLLANT,FEMME,RADIANTE,25,"26,5",25,"26,5",46,63,140,T3,0,64,COURT,RADIANTE FEMME COLLANT TAILLE Court T3 Morpho-
COLLANT,FEMME,RADIANTE,25,"26,5",25,"26,5",46,63,140,T3,69,78,NORMAL,RADIANTE FEMME COLLANT TAILLE Normal T3 Morpho-
COLLANT,FEMME,RADIANTE,25,"26,5",25,"26,5",46,63,140,T3,86,1000,LONG,RADIANTE FEMME COLLANT TAILLE Long T3 Morpho-
COLLANT,FEMME,RADIANTE,27,"30,5",27,"30,5",49,68,140,T4,0,64,COURT,RADIANTE FEMME COLLANT TAILLE Court T4 Morpho-
COLLANT,FEMME,RADIANTE,27,"30,5",27,"30,5",49,68,140,T4,69,78,NORMAL,RADIANTE FEMME COLLANT TAILLE Normal T4 Morpho-
COLLANT,FEMME,RADIANTE,27,"30,5",27,"30,5",49,68,140,T4,86,1000,LONG,RADIANTE FEMME COLLANT TAILLE Long T4 Morpho-
COLLANT,FEMME,RADIANTE,31,34,31,34,54,70,140,T5,0,64,COURT,RADIANTE FEMME COLLANT TAILLE Court T5 Morpho-
COLLANT,FEMME,RADIANTE,31,34,31,34,54,70,140,T5,69,78,NORMAL,RADIANTE FEMME COLLANT TAILLE Normal T5 Morpho-
COLLANT,FEMME,RADIANTE,31,34,31,34,54,70,140,T5,86,1000,LONG,RADIANTE FEMME COLLANT TAILLE Long T5 Morpho-
COLLANT,FEMME,RADIANTE,18,"21,5",18,"21,5",54,59,120,T1,0,64,COURT,RADIANTE FEMME COLLANT TAILLE Court T1 Morpho+
COLLANT,FEMME,RADIANTE,18,"21,5",18,"21,5",54,59,120,T1,69,78,NORMAL,RADIANTE FEMME COLLANT TAILLE Normal T1 Morpho+
COLLANT,FEMME,RADIANTE,18,"21,5",18,"21,5",54,59,120,T1,86,1000,LONG,RADIANTE FEMME COLLANT TAILLE Long T1 Morpho+
COLLANT,FEMME,RADIANTE,22,"24,5",22,"24,5",59,64,120,T2,0,64,COURT,RADIANTE FEMME COLLANT TAILLE Court T2 Morpho+
COLLANT,FEMME,RADIANTE,22,"24,5",22,"24,5",59,64,120,T2,69,78,NORMAL,RADIANTE FEMME COLLANT TAILLE Normal T2 Morpho+
COLLANT,FEMME,RADIANTE,22,"24,5",22,"24,5",59,64,120,T2,86,1000,LONG,RADIANTE FEMME COLLANT TAILLE Long T2 Morpho+
COLLANT,FEMME,RADIANTE,25,"26,5",25,"26,5",64,69,140,T3,0,64,COURT,RADIANTE FEMME COLLANT TAILLE Court T3 Morpho+
COLLANT,FEMME,RADIANTE,25,"26,5",25,"26,5",64,69,140,T3,69,78,NORMAL,RADIANTE FEMME COLLANT TAILLE Normal T3 Morpho+
COLLANT,FEMME,RADIANTE,25,"26,5",25,"26,5",64,69,140,T3,86,1000,LONG,RADIANTE FEMME COLLANT TAILLE Long T3 Morpho+
COLLANT,FEMME,RADIANTE,27,"30,5",27,"30,5",69,70,140,T4,0,64,COURT,RADIANTE FEMME COLLANT TAILLE Court T4 Morpho+
COLLANT,FEMME,RADIANTE,27,"30,5",27,"30,5",69,70,140,T4,69,78,NORMAL,RADIANTE FEMME COLLANT TAILLE Normal T4 Morpho+
COLLANT,FEMME,RADIANTE,27,"30,5",27,"30,5",69,70,140,T4,86,1000,LONG,RADIANTE FEMME COLLANT TAILLE Long T4 Morpho+
COLLANT,FEMME,RADIANTE,31,34,31,34,71,72,140,T5,0,64,COURT,RADIANTE FEMME COLLANT TAILLE Court T5 Morpho+
COLLANT,FEMME,RADIANTE,31,34,31,34,71,72,140,T5,69,78,NORMAL,RADIANTE FEMME COLLANT TAILLE Normal T5 Morpho+
COLLANT,FEMME,RADIANTE,31,34,31,34,71,72,140,T5,86,1000,LONG,RADIANTE FEMME COLLANT TAILLE Long T5 Morpho+
COLLANT,FEMME,JOBST,15,18,26,31,38,43,120,T0,0,71,NORMAL,JOBST FEMME COLLANT TAILLE Normal T0
COLLANT,FEMME,JOBST,15,18,26,31,38,43,120,T0,71,1000,LONG,JOBST FEMME COLLANT TAILLE Long T0
COLLANT,FEMME,JOBST,18,20,28,34,43,48,120,T1,0,71,NORMAL,JOBST FEMME COLLANT TAILLE Normal T1
COLLANT,FEMME,JOBST,18,20,28,34,43,48,120,T1,71,1000,LONG,JOBST FEMME COLLANT TAILLE Long T1
COLLANT,FEMME,JOBST,20,22,30,37,45,52,140,T2,0,71,NORMAL,JOBST FEMME COLLANT TAILLE Normal T2
COLLANT,FEMME,JOBST,20,22,30,37,45,52,140,T2,71,1000,LONG,JOBST FEMME COLLANT TAILLE Long T2
COLLANT,FEMME,JOBST,22,24,33,40,49,56,140,T3,0,71,NORMAL,JOBST FEMME COLLANT TAILLE Normal T3
COLLANT,FEMME,JOBST,22,24,33,40,49,56,140,T3,71,1000,LONG,JOBST FEMME COLLANT TAILLE Long T3
COLLANT,FEMME,JOBST,24,26,35,43,53,60,140,T4,0,71,NORMAL,JOBST FEMME COLLANT TAILLE Normal T4
COLLANT,FEMME,JOBST,24,26,35,43,53,60,140,T4,71,1000,LONG,JOBST FEMME COLLANT TAILLE Long T4
COLLANT,FEMME,JOBST,26,28,37,46,56,64,140,T5,0,71,NORMAL,JOBST FEMME COLLANT TAILLE Normal T5
COLLANT,FEMME,JOBST,26,28,37,46,56,64,140,T5,71,1000,LONG,JOBST FEMME COLLANT TAILLE Long T5
COLLANT,FEMME,JOBST,26,28,39,49,60,68,140,T6,0,71,NORMAL,JOBST FEMME COLLANT TAILLE Normal T6
COLLANT,FEMME,JOBST,26,28,39,49,60,68,140,T6,71,1000,LONG,JOBST FEMME COLLANT TAILLE Long T6
COLLANT,FEMME,JOBST,18,20,26,27,36,42,120,T1,0,71,NORMAL,JOBST FEMME COLLANT TAILLE Normal T1 Morpho-
COLLANT,FEMME,JOBST,18,20,26,27,36,42,120,T1,71,1000,LONG,JOBST FEMME COLLANT TAILLE Long T1 Morpho-
COLLANT,FEMME,JOBST,20,22,28,29,38,44,120,T2,0,71,NORMAL,JOBST FEMME COLLANT TAILLE Normal T2 Morpho-
COLLANT,FEMME,JOBST,20,22,28,29,38,44,120,T2,71,1000,LONG,JOBST FEMME COLLANT TAILLE Long T2 Morpho-
COLLANT,FEMME,JOBST,22,24,30,32,43,48,140,T3,0,71,NORMAL,JOBST FEMME COLLANT TAILLE Normal T3 Morpho-
COLLANT,FEMME,JOBST,22,24,30,32,43,48,140,T3,71,1000,LONG,JOBST FEMME COLLANT TAILLE Long T3 Morpho-
COLLANT,FEMME,JOBST,24,26,33,34,45,52,140,T4,0,71,NORMAL,JOBST FEMME COLLANT TAILLE Normal T4 Morpho-
COLLANT,FEMME,JOBST,24,26,33,34,45,52,140,T4,71,1000,LONG,JOBST FEMME COLLANT TAILLE Long T4 Morpho-
COLLANT,FEMME,JOBST,26,28,35,36,49,55,140,T5,0,71,NORMAL,JOBST FEMME COLLANT TAILLE Normal T5 Morpho-
COLLANT,FEMME,JOBST,26,28,35,36,49,55,140,T5,71,1000,LONG,JOBST FEMME COLLANT TAILLE Long T5 Morpho-
COLLANT,FEMME,JOBST,26,28,37,38,53,59,140,T6,0,71,NORMAL,JOBST FEMME COLLANT TAILLE Normal T6 Morpho-
COLLANT,FEMME,JOBST,26,28,37,38,53,59,140,T6,71,1000,LONG,JOBST FEMME COLLANT TAILLE Long T6 Morpho-
COLLANT,FEMME,JOBST,18,20,35,37,49,57,120,T1,0,71,NORMAL,JOBST FEMME COLLANT TAILLE Normal T1 Morpho+
COLLANT,FEMME,JOBST,18,20,35,37,49,57,120,T1,71,1000,LONG,JOBST FEMME COLLANT TAILLE Long T1 Morpho+
COLLANT,FEMME,JOBST,20,22,38,40,53,62,120,T2,0,71,NORMAL,JOBST FEMME COLLANT TAILLE Normal T2 Morpho+
COLLANT,FEMME,JOBST,20,22,38,40,53,62,120,T2,71,1000,LONG,JOBST FEMME COLLANT TAILLE Long T2 Morpho+
COLLANT,FEMME,JOBST,22,24,41,43,57,67,140,T3,0,71,NORMAL,JOBST FEMME COLLANT TAILLE Normal T3 Morpho+
COLLANT,FEMME,JOBST,22,24,41,43,57,67,140,T3,71,1000,LONG,JOBST FEMME COLLANT TAILLE Long T3 Morpho+
COLLANT,FEMME,JOBST,24,26,44,46,61,72,140,T4,0,71,NORMAL,JOBST FEMME COLLANT TAILLE Normal T4 Morpho+
COLLANT,FEMME,JOBST,24,26,44,46,61,72,140,T4,71,1000,LONG,JOBST FEMME COLLANT TAILLE Long T4 Morpho+
COLLANT,FEMME,JOBST,26,28,47,49,65,77,140,T5,0,71,NORMAL,JOBST FEMME COLLANT TAILLE Normal T5 Morpho+
COLLANT,FEMME,JOBST,26,28,47,49,65,77,140,T5,71,1000,LONG,JOBST FEMME COLLANT TAILLE Long T5 Morpho+
COLLANT,FEMME,JOBST,26,28,50,52,69,81,140,T6,0,71,NORMAL,JOBST FEMME COLLANT TAILLE Normal T6 Morpho+
COLLANT,FEMME,JOBST,26,28,50,52,69,81,140,T6,71,1000,LONG,JOBST FEMME COLLANT TAILLE Long T6 Morpho+
COLLANT,FEMME,THUASNE,16,19,28,33,42,52,120,T0,0,74,NORMAL,THUASNE FEMME COLLANT TAILLE Normal T0
COLLANT,FEMME,THUASNE,16,19,28,33,42,52,120,T0,74,1000,LONG,THUASNE FEMME COLLANT TAILLE Long T0
COLLANT,FEMME,THUASNE,19,21,30,35,45,54,128,T1,0,74,NORMAL,THUASNE FEMME COLLANT TAILLE Normal T1
COLLANT,FEMME,THUASNE,19,21,30,35,45,54,128,T1,74,1000,LONG,THUASNE FEMME COLLANT TAILLE Long T1
COLLANT,FEMME,THUASNE,21,24,32,38,50,59,133,T2,0,74,NORMAL,THUASNE FEMME COLLANT TAILLE Normal T2
COLLANT,FEMME,THUASNE,21,24,32,38,50,59,133,T2,74,1000,LONG,THUASNE FEMME COLLANT TAILLE Long T2
COLLANT,FEMME,THUASNE,24,26,34,42,56,66,145,T3,0,74,NORMAL,THUASNE FEMME COLLANT TAILLE Normal T3
COLLANT,FEMME,THUASNE,24,26,34,42,56,66,145,T3,74,1000,LONG,THUASNE FEMME COLLANT TAILLE Long T3
COLLANT,FEMME,THUASNE,26,29,37,46,58,69,154,T4,0,74,NORMAL,THUASNE FEMME COLLANT TAILLE Normal T4
COLLANT,FEMME,THUASNE,26,29,37,46,58,69,154,T4,74,1000,LONG,THUASNE FEMME COLLANT TAILLE Long T4
COLLANT,FEMME,THUASNE,29,31,43,49,63,74,162,T5,0,74,NORMAL,THUASNE FEMME COLLANT TAILLE Normal T5
COLLANT,FEMME,THUASNE,29,31,43,49,63,74,162,T5,74,1000,LONG,THUASNE FEMME COLLANT TAILLE Long T5
COLLANT,HOMME,THUASNE,19,21,30,35,45,54,128,T1,0,78,NORMAL,THUASNE HOMME COLLANT TAILLE Normal T1
COLLANT,HOMME,THUASNE,19,21,30,35,45,54,128,T1,78,1000,LONG,THUASNE HOMME COLLANT TAILLE Long T1
COLLANT,HOMME,THUASNE,21,24,32,38,50,59,133,T2,0,78,NORMAL,THUASNE HOMME COLLANT TAILLE Normal T2
COLLANT,HOMME,THUASNE,21,24,32,38,50,59,133,T2,78,1000,LONG,THUASNE HOMME COLLANT TAILLE Long T2
COLLANT,HOMME,THUASNE,24,26,34,42,56,66,145,T3,0,78,NORMAL,THUASNE HOMME COLLANT TAILLE Normal T3
COLLANT,HOMME,THUASNE,24,26,34,42,56,66,145,T3,78,1000,LONG,THUASNE HOMME COLLANT TAILLE Long T3
COLLANT,HOMME,THUASNE,26,29,37,46,58,69,154,T4,0,78,NORMAL,THUASNE HOMME COLLANT TAILLE Normal T4
COLLANT,HOMME,THUASNE,26,29,37,46,58,69,154,T4,78,1000,LONG,THUASNE HOMME  COLLANT TAILLE Long T4
COLLANT,HOMME,THUASNE,29,31,43,49,63,74,162,T5,0,78,NORMAL,THUASNE HOMME COLLANT TAILLE Normal T5
COLLANT,HOMME,THUASNE,29,31,43,49,63,74,162,T5,78,1000,LONG,THUASNE HOMME COLLANT TAILLE Long T5
CHAUSSETTES,FEMME,DYNAVEN,19,22,38,46,-,-,-,S,0,40,NORMAL,DYNAVEN FEMME CHAUSSETTES TAILLE Normal S Morpho +
CHAUSSETTES,FEMME,DYNAVEN,19,22,38,46,-,-,-,S,40,1000,LONG,DYNAVEN FEMME CHAUSSETTES TAILLE Long S Morpho +
CHAUSSETTES,FEMME,DYNAVEN,22,27,41,49,-,-,-,M,0,40,NORMAL,DYNAVEN FEMME CHAUSSETTES TAILLE Normal M Morpho +
CHAUSSETTES,FEMME,DYNAVEN,22,27,41,49,-,-,-,M,40,1000,LONG,DYNAVEN FEMME CHAUSSETTES TAILLE Long M Morpho +
CHAUSSETTES,FEMME,DYNAVEN,24,26,44,52,-,-,-,L,0,40,NORMAL,DYNAVEN FEMME CHAUSSETTES TAILLE Normal L Morpho +
CHAUSSETTES,FEMME,DYNAVEN,24,26,44,52,-,-,-,L,40,1000,LONG,DYNAVEN FEMME CHAUSSETTES TAILLE Long L Morpho +
CHAUSSETTES,FEMME,DYNAVEN,26,29,47,55,-,-,-,XL,0,40,NORMAL,DYNAVEN FEMME CHAUSSETTES TAILLE Normal XL Morpho +
CHAUSSETTES,FEMME,DYNAVEN,26,29,47,55,-,-,-,XL,40,1000,LONG,DYNAVEN FEMME CHAUSSETTES TAILLE Long XL Morpho +
CHAUSSETTES,FEMME,DYNAVEN,29,32,50,58,-,-,-,XXL,0,40,NORMAL,DYNAVEN FEMME CHAUSSETTES TAILLE Normal XXL Morpho +
CHAUSSETTES,FEMME,DYNAVEN,29,32,50,58,-,-,-,XXL,40,1000,LONG,DYNAVEN FEMME CHAUSSETTES TAILLE Long XXL Morpho +
BAS,HOMME,DYNAVEN,19,22,24,32,36,46,-,S,0,79,NORMAL,DYNAVEN HOMME BAS TAILLE Normal S Morpho -
BAS,HOMME,DYNAVEN,19,22,24,32,36,46,-,S,79,1000,LONG,DYNAVEN HOMME BAS TAILLE Long S Morpho -
BAS,HOMME,DYNAVEN,22,24,27,35,40,50,-,M,0,79,NORMAL,DYNAVEN HOMME BAS TAILLE Normal M Morpho -
BAS,HOMME,DYNAVEN,22,24,27,35,40,50,-,M,79,1000,LONG,DYNAVEN HOMME BAS TAILLE Long M Morpho -
BAS,HOMME,DYNAVEN,24,26,30,38,44,54,-,L,0,79,NORMAL,DYNAVEN HOMME BAS TAILLE Normal L Morpho -
BAS,HOMME,DYNAVEN,24,26,30,38,44,54,-,L,79,1000,LONG,DYNAVEN HOMME BAS TAILLE Long L Morpho -
BAS,HOMME,DYNAVEN,26,29,33,41,48,58,-,XL,0,79,NORMAL,DYNAVEN HOMME BAS TAILLE Normal XL Morpho -
BAS,HOMME,DYNAVEN,26,29,33,41,48,58,-,XL,79,1000,LONG,DYNAVEN HOMME BAS TAILLE Long XL Morpho -
BAS ATH,HOMME,RADIANTE,18,"21,5",-,-,44,53,-,T1,0,68,COURT,RADIANTE BAS ATH TAILLE COURT T1 : 4042809472936
BAS ATH,HOMME,RADIANTE,18,"21,5",-,-,44,53,-,T1,69,78,MOYEN,RADIANTE BAS ATH TAILLE MOYEN T1 : 4042809472882
BAS ATH,HOMME,RADIANTE,18,"21,5",-,-,44,53,-,T1,79,1000,LONG,RADIANTE  BAS ATH TAILLE LONG T1 : 4042809472837
BAS ATH,HOMME,RADIANTE,22,"24,5",-,-,47,58,-,T2,0,68,COURT,RADIANTE BAS ATH TAILLE COURT T2 :4042809472929
BAS ATH,HOMME,RADIANTE,22,"24,5",-,-,47,58,-,T2,69,78,MOYEN,RADIANTE BAS ATH TAILLE MOYEN T2 : 4042809472875
BAS ATH,HOMME,RADIANTE,22,"24,5",-,-,47,58,-,T2,79,1000,LONG,RADIANTE BAS ATH TAILLE LONG T2 : 4042809472820
BAS ATH,HOMME,RADIANTE,25,"26,5",-,-,52,63,-,T3,0,68,COURT,RADIANTE BAS ATH TAILLE COURT T3  : 4042809472912
BAS ATH,HOMME,RADIANTE,25,"26,5",-,-,52,63,-,T3,69,78,MOYEN,RADIANTE BAS ATH TAILLE MOYEN T3 : 4042809472868
BAS ATH,HOMME,RADIANTE,25,"26,5",-,-,52,63,-,T3,79,1000,LONG,RADIANTE BAS ATH TAILLE LONG T3 : 4042809472813
BAS ATH,HOMME,RADIANTE,27,"30,5",-,-,57,68,-,T4,0,68,COURT,RADIANTE BAS ATH TAILLE COURT T4 : 4042809472905
BAS ATH,HOMME,RADIANTE,27,"30,5",-,-,57,68,-,T4,69,78,MOYEN,RADIANTE BAS ATH TAILLE MOYEN T4 : 4042809472851
BAS ATH,HOMME,RADIANTE,27,"30,5",-,-,57,68,-,T4,79,1000,LONG,RADIANTE BAS ATH TAILLE LONG T4 : 4042809472806
BAS ATH,HOMME,RADIANTE,31,34,-,-,63,70,-,T5,0,68,COURT,RADIANTE BAS ATH TAILLE COURT T5 : 4042809472899
BAS ATH,HOMME,RADIANTE,31,34,-,-,63,70,-,T5,69,78,MOYEN,RADIANTE BAS ATH TAILLE MOYEN T5 : 4042809472844
BAS ATH,HOMME,RADIANTE,31,34,-,-,63,70,-,T5,79,1000,LONG,RADIANTE BAS ATH TAILLE LONG T5 : 4042809007725
BAS ATH,FEMME,RADIANTE,18,"21,5",-,-,44,53,-,T1,0,68,COURT,RADIANTE BAS ATH TAILLE COURT T1 : 4042809472936
BAS ATH,FEMME,RADIANTE,18,"21,5",-,-,44,53,-,T1,69,78,MOYEN,RADIANTE BAS ATH TAILLE MOYEN T1 : 4042809472882
BAS ATH,FEMME,RADIANTE,18,"21,5",-,-,44,53,-,T1,79,1000,LONG,RADIANTE  BAS ATH TAILLE LONG T1 : 4042809472837
BAS ATH,FEMME,RADIANTE,22,"24,5",-,-,47,58,-,T2,0,68,COURT,RADIANTE BAS ATH TAILLE COURT T2 :4042809472929
BAS ATH,FEMME,RADIANTE,22,"24,5",-,-,47,58,-,T2,69,78,MOYEN,RADIANTE BAS ATH TAILLE MOYEN T2 : 4042809472875
BAS ATH,FEMME,RADIANTE,22,"24,5",-,-,47,58,-,T2,79,1000,LONG,RADIANTE BAS ATH TAILLE LONG T2 : 4042809472820
BAS ATH,FEMME,RADIANTE,25,"26,5",-,-,52,63,-,T3,0,68,COURT,RADIANTE BAS ATH TAILLE COURT T3  : 4042809472912
BAS ATH,FEMME,RADIANTE,25,"26,5",-,-,52,63,-,T3,69,78,MOYEN,RADIANTE BAS ATH TAILLE MOYEN T3 : 4042809472868
BAS ATH,FEMME,RADIANTE,25,"26,5",-,-,52,63,-,T3,79,1000,LONG,RADIANTE BAS ATH TAILLE LONG T3 : 4042809472813
BAS ATH,FEMME,RADIANTE,27,"30,5",-,-,57,68,-,T4,0,68,COURT,RADIANTE BAS ATH TAILLE COURT T4 : 4042809472905
BAS ATH,FEMME,RADIANTE,27,"30,5",-,-,57,68,-,T4,69,78,MOYEN,RADIANTE BAS ATH TAILLE MOYEN T4 : 4042809472851
BAS ATH,FEMME,RADIANTE,27,"30,5",-,-,57,68,-,T4,79,1000,LONG,RADIANTE BAS ATH TAILLE LONG T4 : 4042809472806
BAS ATH,FEMME,RADIANTE,31,34,-,-,63,70,-,T5,0,68,COURT,RADIANTE BAS ATH TAILLE COURT T5 : 4042809472899
BAS ATH,FEMME,RADIANTE,31,34,-,-,63,70,-,T5,69,78,MOYEN,RADIANTE BAS ATH TAILLE MOYEN T5 : 4042809472844
BAS ATH,FEMME,RADIANTE,31,34,-,-,63,70,-,T5,79,1000,LONG,RADIANTE BAS ATH TAILLE LONG T5 : 4042809007725
BAS ATH,HOMME,SIGVARIS,17,20,29,36,45,60,-,T1,0,72,COURT,SIGVATIS BAS ATH TAILLE COURT T1 : 3611610073321
BAS ATH,HOMME,SIGVARIS,17,20,29,36,45,60,-,T1,72,80,NORMAL,SIGVATIS BAS ATH TAILLE NORMAL T1 : 3611610073376
BAS ATH,HOMME,SIGVARIS,17,20,29,36,45,60,-,T1,80,1000,LONG,SIGVATIS BAS ATH TAILLE LONG T1 : 3611610073420
BAS ATH,HOMME,SIGVARIS,20,23,32,39,48,63,-,T2,0,72,COURT,SIGVATIS BAS ATH TAILLE COURT T2 : 3611610073338
BAS ATH,HOMME,SIGVARIS,20,23,32,39,48,63,-,T2,72,80,NORMAL,SIGVATIS BAS ATH TAILLE NORMAL T2 : 3611610073383
BAS ATH,HOMME,SIGVARIS,20,23,32,39,48,63,-,T2,80,1000,LONG,SIGVATIS BAS ATH TAILLE LONG T2 : 3611610073437
BAS ATH,HOMME,SIGVARIS,23,26,36,43,54,69,-,T3,0,72,COURT,SIGVATIS BAS ATH TAILLE COURT T3  : 3611610073345
BAS ATH,HOMME,SIGVARIS,23,26,36,43,54,69,-,T3,72,80,NORMAL,SIGVATIS BAS ATH TAILLE NORMAL T3 : 3611610073390
BAS ATH,HOMME,SIGVARIS,23,26,36,43,54,69,-,T3,80,1000,LONG,SIGVATIS BAS ATH TAILLE LONG T3 : 3611610073444
BAS ATH,HOMME,SIGVARIS,26,29,40,47,58,73,-,T4,0,72,COURT,SIGVATIS BAS ATH TAILLE COURT T4 : 3611610073352
BAS ATH,HOMME,SIGVARIS,26,29,40,47,58,73,-,T4,72,80,NORMAL,SIGVATIS BAS ATH TAILLE NORMAL T4 : 3611610073406
BAS ATH,HOMME,SIGVARIS,26,29,40,47,58,73,-,T4,80,1000,LONG,SIGVATIS BAS ATH TAILLE LONG T4 : 3611610073451
BAS ATH,HOMME,SIGVARIS,29,32,44,51,62,77,-,T5,0,72,COURT,SIGVATIS BAS ATH TAILLE COURT T5 : 3611610073369
BAS ATH,HOMME,SIGVARIS,29,32,44,51,62,77,-,T5,72,80,NORMAL,SIGVATIS BAS ATH TAILLE NORMAL T5 : 3611610073413
BAS ATH,HOMME,SIGVARIS,29,32,44,51,62,77,-,T5,80,1000,LONG,SIGVATIS BAS ATH TAILLE LONG T5 : 3611610073468
BAS ATH,FEMME,SIGVARIS,17,20,29,36,45,60,-,T1,0,72,COURT,SIGVATIS BAS ATH TAILLE COURT T1 : 3611610073321
BAS ATH,FEMME,SIGVARIS,17,20,29,36,45,60,-,T1,72,80,NORMAL,SIGVATIS BAS ATH TAILLE NORMAL T1 : 3611610073376
BAS ATH,FEMME,SIGVARIS,17,20,29,36,45,60,-,T1,80,1000,LONG,SIGVATIS BAS ATH TAILLE LONG T1 : 3611610073420
BAS ATH,FEMME,SIGVARIS,20,23,32,39,48,63,-,T2,0,72,COURT,SIGVATIS BAS ATH TAILLE COURT T2 : 3611610073338
BAS ATH,FEMME,SIGVARIS,20,23,32,39,48,63,-,T2,72,80,NORMAL,SIGVATIS BAS ATH TAILLE NORMAL T2 : 3611610073383
BAS ATH,FEMME,SIGVARIS,20,23,32,39,48,63,-,T2,80,1000,LONG,SIGVATIS BAS ATH TAILLE LONG T2 : 3611610073437
BAS ATH,FEMME,SIGVARIS,23,26,36,43,54,69,-,T3,0,72,COURT,SIGVATIS BAS ATH TAILLE COURT T3  : 3611610073345
BAS ATH,FEMME,SIGVARIS,23,26,36,43,54,69,-,T3,72,80,NORMAL,SIGVATIS BAS ATH TAILLE NORMAL T3 : 3611610073390
BAS ATH,FEMME,SIGVARIS,23,26,36,43,54,69,-,T3,80,1000,LONG,SIGVATIS BAS ATH TAILLE LONG T3 : 3611610073444
BAS ATH,FEMME,SIGVARIS,26,29,40,47,58,73,-,T4,0,72,COURT,SIGVATIS BAS ATH TAILLE COURT T4 : 3611610073352
BAS ATH,FEMME,SIGVARIS,26,29,40,47,58,73,-,T4,72,80,NORMAL,SIGVATIS BAS ATH TAILLE NORMAL T4 : 3611610073406
BAS ATH,FEMME,SIGVARIS,26,29,40,47,58,73,-,T4,80,1000,LONG,SIGVATIS BAS ATH TAILLE LONG T4 : 3611610073451
BAS ATH,FEMME,SIGVARIS,29,32,44,51,62,77,-,T5,0,72,COURT,SIGVATIS BAS ATH TAILLE COURT T5 : 3611610073369
BAS ATH,FEMME,SIGVARIS,29,32,44,51,62,77,-,T5,72,80,NORMAL,SIGVATIS BAS ATH TAILLE NORMAL T5 : 3611610073413
BAS ATH,FEMME,SIGVARIS,29,32,44,51,62,77,-,T5,80,1000,LONG,SIGVATIS BAS ATH TAILLE LONG T5 : 3611610073468
CHAU7 ATH,HOMME,SIGVARIS,17,20,29,36,45,60,-,T1,0,39,COURT,SIGVATIS CHAU7 ATH TAILLE COURT T1 : 3611610073178
CHAU7 ATH,HOMME,SIGVARIS,17,20,29,36,45,60,-,T1,39,44,NORMAL,SIGVATIS CHAU7 ATH TAILLE NORMAL T1 : 3611610073222
CHAU7 ATH,HOMME,SIGVARIS,17,20,29,36,45,60,-,T1,44,1000,LONG,SIGVATIS CHAU7 ATH TAILLE LONG T1 : 3611610073277
CHAU7 ATH,HOMME,SIGVARIS,20,23,32,39,48,63,-,T2,0,39,COURT,SIGVATIS CHAU7 ATH TAILLE COURT T2 : 3611610073185
CHAU7 ATH,HOMME,SIGVARIS,20,23,32,39,48,63,-,T2,39,44,NORMAL,SIGVATIS CHAU7 ATH TAILLE NORMAL T2 : 3611610073239
CHAU7 ATH,HOMME,SIGVARIS,20,23,32,39,48,63,-,T2,44,1000,LONG,SIGVATIS CHAU7 ATH TAILLE LONG T2 : 3611610073284
CHAU7 ATH,HOMME,SIGVARIS,23,26,36,43,54,69,-,T3,0,39,COURT,SIGVATIS CHAU7 ATH TAILLE COURT T3  : 3611610073192
CHAU7 ATH,HOMME,SIGVARIS,23,26,36,43,54,69,-,T3,39,44,NORMAL,SIGVATIS CHAU7 ATH TAILLE NORMAL T3 : 3611610073246
CHAU7 ATH,HOMME,SIGVARIS,23,26,36,43,54,69,-,T3,44,1000,LONG,SIGVATIS CHAU7 ATH TAILLE LONG T3 : 3611610073291
CHAU7 ATH,HOMME,SIGVARIS,26,29,40,47,58,73,-,T4,0,39,COURT,SIGVATIS CHAU7 ATH TAILLE COURT T4 : 3611610073208
CHAU7 ATH,HOMME,SIGVARIS,26,29,40,47,58,73,-,T4,39,44,NORMAL,SIGVATIS CHAU7 ATH TAILLE NORMAL T4 : 3611610073253
CHAU7 ATH,HOMME,SIGVARIS,26,29,40,47,58,73,-,T4,44,1000,LONG,SIGVATIS CHAU7 ATH TAILLE LONG T4 : 3611610073307
CHAU7 ATH,HOMME,SIGVARIS,29,32,44,51,62,77,-,T5,0,39,COURT,SIGVATIS CHAU7 ATH TAILLE COURT T5 : 3611610073215
CHAU7 ATH,HOMME,SIGVARIS,29,32,44,51,62,77,-,T5,39,44,NORMAL,SIGVATIS CHAU7 ATH TAILLE NORMAL T5 : 3611610073260
CHAU7 ATH,HOMME,SIGVARIS,29,32,44,51,62,77,-,T5,44,1000,LONG,SIGVATIS CHAU7 ATH TAILLE LONG T5 : 3611610073314
CHAU7 ATH,FEMME,SIGVARIS,17,20,29,36,45,60,-,T1,0,39,COURT,SIGVATIS CHAU7 ATH TAILLE COURT T1 : 3611610073178
CHAU7 ATH,FEMME,SIGVARIS,17,20,29,36,45,60,-,T1,39,44,NORMAL,SIGVATIS CHAU7 ATH TAILLE NORMAL T1 : 3611610073222
CHAU7 ATH,FEMME,SIGVARIS,17,20,29,36,45,60,-,T1,44,1000,LONG,SIGVATIS CHAU7 ATH TAILLE LONG T1 : 3611610073277
CHAU7 ATH,FEMME,SIGVARIS,20,23,32,39,48,63,-,T2,0,39,COURT,SIGVATIS CHAU7 ATH TAILLE COURT T2 : 3611610073185
CHAU7 ATH,FEMME,SIGVARIS,20,23,32,39,48,63,-,T2,39,44,NORMAL,SIGVATIS CHAU7 ATH TAILLE NORMAL T2 : 3611610073239
CHAU7 ATH,FEMME,SIGVARIS,20,23,32,39,48,63,-,T2,44,1000,LONG,SIGVATIS CHAU7 ATH TAILLE LONG T2 : 3611610073284
CHAU7 ATH,FEMME,SIGVARIS,23,26,36,43,54,69,-,T3,0,39,COURT,SIGVATIS CHAU7 ATH TAILLE COURT T3  : 3611610073192
CHAU7 ATH,FEMME,SIGVARIS,23,26,36,43,54,69,-,T3,39,44,NORMAL,SIGVATIS CHAU7 ATH TAILLE NORMAL T3 : 3611610073246
CHAU7 ATH,FEMME,SIGVARIS,23,26,36,43,54,69,-,T3,44,1000,LONG,SIGVATIS CHAU7 ATH TAILLE LONG T3 : 3611610073291
CHAU7 ATH,FEMME,SIGVARIS,26,29,40,47,58,73,-,T4,0,39,COURT,SIGVATIS CHAU7 ATH TAILLE COURT T4 : 3611610073208
CHAU7 ATH,FEMME,SIGVARIS,26,29,40,47,58,73,-,T4,39,44,NORMAL,SIGVATIS CHAU7 ATH TAILLE NORMAL T4 : 3611610073253
CHAU7 ATH,FEMME,SIGVARIS,26,29,40,47,58,73,-,T4,44,1000,LONG,SIGVATIS CHAU7 ATH TAILLE LONG T4 : 3611610073307
CHAU7 ATH,FEMME,SIGVARIS,29,32,44,51,62,77,-,T5,0,39,COURT,SIGVATIS CHAU7 ATH TAILLE COURT T5 : 3611610073215
CHAU7 ATH,FEMME,SIGVARIS,29,32,44,51,62,77,-,T5,39,44,NORMAL,SIGVATIS CHAU7 ATH TAILLE NORMAL T5 : 3611610073260
CHAU7 ATH,FEMME,SIGVARIS,29,32,44,51,62,77,-,T5,44,1000,LONG,SIGVATIS CHAU7 ATH TAILLE LONG T5 : 3611610073314